min,tempM,tempR
1,5.1,4.5
2,5.1,3.9
3,5,3.6
4,5,3.3
5,5,3
6,5,2.8
7,5,2.6
8,5,2.4
9,5,2.2
10,4.9,2
11,4.8,1.9
12,4.8,1.7
13,4.7,1.5
14,4.7,1.8
15,4.7,2.2
16,4.7,2.4
17,4.6,2.6
18,4.6,2.8
19,4.5,3
20,4.6,3.3
21,4.5,3.4
22,4.5,3.5
23,4.5,3.7
24,4.5,3.8
25,4.5,3.9
26,4.6,4
27,4.5,4.1
28,4.5,4.1
29,4.5,4.3
30,4.5,4.4
31,4.5,4.4
32,4.5,4.5
33,4.5,4.6
34,4.5,4.7
35,4.4,4.7
36,4.5,4.6
37,4.5,3.9
38,4.4,3.3
39,4.4,3
40,4.4,2.7
41,4.4,2.4
42,4.4,2.2
43,4.4,2
44,4.3,1.8
45,4.3,1.6
46,4.3,1.6
47,4.3,2.1
48,4.3,2.3
49,4.2,2.6
50,4.2,2.8
51,4.2,3.1
52,4.2,3.2
53,4.1,3.3
54,4.2,3.4
55,4.1,3.5
56,4.1,3.6
57,4.1,3.7
58,4.1,3.9
59,4.1,3.9
60,4.1,4.1
61,4.1,4.1
62,4.1,4.2
63,4.1,4.3
64,4.1,4.4
65,4.1,4.4
66,4.1,4.5
67,4.1,4.5
68,4.1,4.6
69,4.2,4.8
70,4.1,4.8
71,4.1,4.7
72,4.1,4
73,4.2,3.5
74,4.1,3
75,4.1,2.7
76,4.1,2.4
77,4.1,2.2
78,4.1,1.9
79,4,1.7
80,4,1.5
81,4,1.8
82,4,2.1
83,4,2.4
84,3.9,2.6
85,3.9,2.9
86,3.9,3.1
87,3.9,3.2
88,3.9,3.4
89,3.9,3.4
90,3.8,3.5
91,3.8,3.7
92,3.9,3.8
93,3.8,3.9
94,3.8,4
95,3.8,4.1
96,3.8,4.8
97,3.9,5.3
98,3.9,4.3
99,3.9,3.7
100,3.9,3.2
101,3.8,2.8
102,3.8,2.6
103,3.8,2.3
104,3.8,2.1
105,3.8,1.9
106,3.8,1.7
107,3.8,1.8
108,3.8,2.2
109,3.8,2.5
110,3.7,2.8
111,3.7,3
112,3.7,3.2
113,3.7,3.4
114,3.7,3.6
115,3.7,3.7
116,3.7,3.8
117,3.7,4
118,3.6,4.1
119,3.7,4.2
120,3.7,4.3
121,3.8,4.4
122,3.7,4.5
123,3.8,4.6
124,3.8,4.7
125,3.7,4.8
126,3.8,4.9
127,3.8,5
128,3.8,4.7
129,3.8,4
130,3.9,3.6
131,3.9,3.1
132,3.9,2.9
133,3.8,2.6
134,3.8,2.3
135,3.7,2.1
136,3.7,1.9
137,3.7,1.8
138,3.7,2.1
139,3.7,2.5
140,3.8,2.8
141,3.7,3
142,3.8,3.3
143,3.7,3.4
144,3.7,3.5
145,3.7,3.7
146,3.7,3.9
147,3.6,4
148,3.7,4.1
149,3.7,4.3
150,3.8,4.4
151,3.7,4.4
152,3.7,4.6
153,3.8,4.7
154,3.7,4.7
155,3.8,4.8
156,3.8,5
157,3.8,5
158,3.8,4.7
159,3.9,4
160,3.8,3.5
161,3.9,3.2
162,3.9,2.8
163,3.8,2.5
164,3.8,2.3
165,3.7,2.1
166,3.7,1.9
167,3.7,1.8
168,3.7,2.2
169,3.7,2.6
170,3.7,2.9
171,3.7,3.2
172,3.7,3.3
173,3.7,3.5
174,3.7,3.7
175,3.7,3.8
176,3.7,3.9
177,3.7,4.1
178,3.7,4.2
179,3.7,4.3
180,3.7,4.4
181,3.8,4.6
182,3.8,4.7
183,3.8,4.7
184,3.8,4.8
185,3.8,4.9
186,3.8,5
187,3.8,5.1
188,3.8,4.5
189,3.8,3.8
190,3.8,3.4
191,3.8,3
192,3.8,2.7
193,3.8,2.5
194,3.8,2.2
195,3.7,2
196,3.7,1.8
197,3.7,1.9
198,3.7,2.3
199,3.7,2.7
200,3.7,3
201,3.8,3.3
202,3.7,3.4
203,3.7,3.5
204,3.7,3.7
205,3.7,3.9
206,3.6,4
207,3.7,4.1
208,3.7,4.3
209,3.8,4.4
210,3.7,4.5
211,3.7,4.6
212,3.8,4.7
213,3.7,4.7
214,3.8,4.8
215,3.8,5
216,3.8,5
217,3.8,5
218,3.8,4.5
219,3.9,3.8
220,3.9,3.4
221,3.9,3
222,3.9,2.7
223,3.8,2.4
224,3.8,2.2
225,3.7,2
226,3.7,1.9
227,3.8,2.1
228,3.7,2.5
229,3.7,2.7
230,3.7,2.9
231,3.7,3.2
232,3.7,3.3
233,3.7,3.4
234,3.7,3.6
235,3.7,3.7
236,3.7,3.8
237,3.7,3.9
238,3.6,3.9
239,3.7,4
240,3.7,4.2
241,3.8,4.3
242,3.7,4.3
243,3.8,4.4
244,3.7,4.5
245,3.8,4.6
246,3.8,4.6
247,3.8,4.7
248,3.8,4.7
249,3.8,4.8
250,3.8,4.8
251,3.8,4.8
252,3.8,4.9
253,3.8,5
254,3.9,4.6
255,3.9,4
256,3.9,3.3
257,3.9,2.9
258,3.9,2.6
259,3.8,2.3
260,3.8,2.1
261,3.8,1.8
262,3.8,1.7
263,3.8,2
264,3.8,2.4
265,3.7,2.7
266,3.8,2.9
267,3.7,3.1
268,3.7,3.2
269,3.8,3.4
270,3.7,3.5
271,3.7,3.6
272,3.7,3.7
273,3.7,3.9
274,3.7,3.9
275,3.7,4
276,3.7,4.2
277,3.7,4.2
278,3.8,4.3
279,3.7,4.3
280,3.8,4.4
281,3.8,4.5
282,3.8,4.6
283,3.8,4.6
284,3.8,4.7
285,3.8,4.7
286,3.8,4.8
287,3.8,4.8
288,3.8,4.8
289,3.9,4.9
290,3.9,5
291,3.9,4.8
292,3.9,4.1
293,3.9,3.5
294,3.9,3
295,3.9,2.7
296,3.8,2.4
297,3.8,2.1
298,3.8,1.9
299,3.8,1.7
300,3.8,2
301,3.8,2.4
302,3.8,2.7
303,3.8,2.9
304,3.8,3.1
305,3.8,3.3
306,3.7,3.4
307,3.7,3.5
308,3.7,3.7
309,3.8,3.8
310,3.7,3.9
311,3.8,4
312,3.7,4
313,3.7,4.2
314,3.7,4.2
315,3.8,4.3
316,3.8,4.3
317,3.8,4.5
318,3.8,4.6
319,3.8,4.6
320,3.8,4.6
321,3.8,4.7
322,3.8,4.7
323,3.9,4.8
324,3.8,4.8
325,3.9,4.9
326,3.9,4.9
327,3.9,5
328,3.9,4.7
329,4,4
330,3.9,3.9
331,4,4.2
332,3.9,4.3
333,3.9,4.4
334,4,4.6
335,4,4.7
336,4.1,4.9
337,4,4.9
338,4,4.9
339,4.1,5.1
340,4,5.1
341,4,5.1
342,4.1,5.2
343,4.1,5.2
344,4.1,5.3
345,4.1,5.3
346,4.2,5.4
347,4.2,5.4
348,4.3,5.5
349,4.2,5.5
350,4.2,5.5
351,4.2,5.6
352,4.3,5.6
353,4.3,5.7
354,4.3,5.7
355,4.3,5.8
356,4.3,5.8
357,4.4,5.8
358,4.4,5.9
359,4.5,5.9
360,4.5,5.4
361,4.5,4.6
362,4.5,4.1
363,4.5,3.6
364,4.5,3.2
365,4.5,3
366,4.4,2.7
367,4.4,2.5
368,4.4,2.2
369,4.4,2
370,4.3,1.8
371,4.3,1.7
372,4.3,2
373,4.3,2.4
374,4.2,2.7
375,4.2,3
376,4.2,3.2
377,4.2,3.4
378,4.2,3.5
379,4.2,3.7
380,4.2,3.8
381,4.2,3.9
382,4.2,4
383,4.1,4.1
384,4.2,4.2
385,4.2,4.4
386,4.1,4.4
387,4.2,4.5
388,4.1,4.6
389,4.2,4.7
390,4.2,4.7
391,4.2,4.8
392,4.2,4.8
393,4.3,4.9
394,4.2,5
395,4.3,5.1
396,4.3,4.9
397,4.2,4.1
398,4.3,3.5
399,4.2,3
400,4.2,2.7
401,4.2,2.3
402,4.2,2.1
403,4.2,1.9
404,4.1,1.8
405,4.1,2
406,4.1,2.4
407,4.1,2.8
408,4,3
409,4.1,3.2
410,4,3.3
411,4,3.5
412,4,3.6
413,4,3.7
414,3.9,3.8
415,4,3.9
416,4,4.1
417,4,4.1
418,4,4.3
419,4,4.3
420,4,4.4
421,4.1,4.5
422,4,4.5
423,4.1,4.7
424,4.1,4.7
425,4.1,4.8
426,4.1,4.8
427,4,4.8
428,4.1,4.9
429,4.2,5
430,4.1,5
431,4.1,4.9
432,4.1,4.2
433,4.1,3.6
434,4.1,3.1
435,4.1,2.7
436,4.1,2.4
437,4.1,2.1
438,4,1.8
439,4,1.7
440,4,2
441,4,2.4
442,4,2.7
443,4,3
444,4,3.2
445,3.9,3.3
446,3.9,3.4
447,3.9,3.6
448,3.9,3.7
449,3.9,3.8
450,3.9,3.9
451,3.9,4
452,3.9,4.1
453,3.9,4.2
454,3.9,4.3
455,3.9,4.3
456,3.9,4.4
457,4,4.5
458,4,4.6
459,4,4.7
460,4,4.7
461,4,4.7
462,4,4.8
463,4,4.8
464,4,4.9
465,4,4.9
466,4.1,5
467,4,5
468,4.1,4.5
469,4.1,3.8
470,4.1,3.2
471,4.1,2.8
472,4,2.5
473,4,2.1
474,4,1.9
475,3.9,1.6
476,3.9,1.9
477,3.9,2.3
478,3.9,2.6
479,3.9,2.9
480,3.9,3.1
481,3.9,3.3
482,3.9,3.4
483,3.8,3.5
484,3.8,3.6
485,3.9,3.8
486,3.8,3.8
487,3.9,4
488,3.8,4
489,3.8,4.2
490,3.8,4.2
491,3.8,4.3
492,3.8,4.3
493,3.9,4.4
494,3.9,4.6
495,3.9,4.6
496,4,4.7
497,3.9,4.7
498,4,4.8
499,3.9,4.8
500,3.9,4.8
501,4,4.9
502,4,4.9
503,4,5
504,4,5
505,4,4.3
506,4,3.7
507,4,3.1
508,4,2.7
509,4,2.4
510,4,2.1
511,3.9,1.8
512,3.9,1.7
513,3.9,1.9
514,3.9,2.4
515,3.9,2.7
516,3.9,3
517,3.9,3.2
518,3.9,3.3
519,3.8,3.4
520,3.8,3.6
521,3.8,3.7
522,3.8,3.8
523,3.8,3.8
524,3.8,4
525,3.9,4.1
526,3.8,4.2
527,3.8,4.3
528,3.8,4.3
529,3.9,4.4
530,3.9,4.5
531,3.9,4.6
532,3.9,4.6
533,3.9,4.7
534,4,4.8
535,3.9,4.8
536,3.9,4.8
537,4,4.9
538,3.9,4.9
539,4,5
540,4,5
541,4.1,5
542,4,4.2
543,4,3.6
544,4,3
545,4,2.6
546,4,2.3
547,4,2
548,3.9,1.7
549,3.9,1.7
550,3.9,2.1
551,3.9,2.5
552,3.9,2.8
553,3.8,3
554,3.9,3.2
555,3.8,3.3
556,3.8,3.4
557,3.8,3.6
558,3.9,3.8
559,3.8,3.8
560,3.8,3.9
561,3.8,4
562,3.8,4.1
563,3.8,4.2
564,3.8,4.3
565,3.8,4.3
566,3.9,4.4
567,3.9,4.5
568,3.9,4.5
569,3.9,4.6
570,3.9,4.7
571,3.9,4.7
572,3.9,4.8
573,3.9,4.8
574,4,4.9
575,3.9,4.9
576,4,5
577,4,5
578,4.1,5
579,4,4.1
580,4,3.5
581,4,3
582,4,2.6
583,4,2.3
584,3.9,2
585,3.9,1.7
586,3.9,1.7
587,3.9,2.1
588,3.9,2.5
589,3.9,2.8
590,3.9,3
591,3.9,3.3
592,3.8,3.3
593,3.9,3.5
594,3.8,3.6
595,3.8,3.8
596,3.8,3.8
597,3.8,4
598,3.8,4
599,3.8,4.1
600,3.8,4.2
601,3.8,4.3
602,3.8,4.3
603,3.9,4.4
604,3.9,4.5
605,3.9,4.6
606,3.9,4.7
607,3.9,4.7
608,3.9,4.7
609,3.9,4.8
610,3.9,4.8
611,4,4.9
612,4,4.9
613,4,5
614,4,5
615,4.1,5
616,4,4.3
617,4.1,3.6
618,4,3
619,4,2.6
620,4,2.3
621,4,2
622,3.9,1.7
623,3.9,1.7
624,3.9,2.1
625,3.9,2.5
626,3.9,2.7
627,3.9,3.1
628,3.9,3.2
629,3.8,3.3
630,3.8,3.4
631,3.8,3.6
632,3.8,3.7
633,3.8,3.8
634,3.8,3.9
635,3.8,4
636,3.8,4.1
637,3.8,4.2
638,3.8,4.3
639,3.8,4.3
640,3.9,4.4
641,3.9,4.5
642,3.9,4.6
643,3.9,4.7
644,3.9,4.7
645,4,4.8
646,3.9,4.8
647,3.9,4.8
648,4,4.9
649,3.9,4.9
650,4,5
651,4,5
652,4,5.1
653,4,4.5
654,4,3.7
655,4,3.2
656,4,2.8
657,4,2.4
658,4,2.1
659,3.9,1.8
660,3.9,1.7
661,3.9,2
662,3.9,2.4
663,3.9,2.7
664,3.9,3
665,3.9,3.2
666,3.8,3.3
667,3.8,3.4
668,3.8,3.5
669,3.8,3.6
670,3.8,3.8
671,3.8,3.8
672,3.8,4
673,3.8,4.1
674,3.8,4.2
675,3.8,4.3
676,3.8,4.3
677,3.9,4.4
678,3.9,4.4
679,3.9,4.6
680,3.9,4.6
681,3.9,4.7
682,3.9,4.7
683,3.9,4.8
684,3.9,4.8
685,4,4.9
686,4,4.9
687,4,5
688,4,5
689,4,5
690,4,5.1
691,4,5.1
692,4,5.2
693,4.1,5.2
694,4.1,5.3
695,4.1,5.4
696,4.1,5.4
697,4.1,5.4
698,4.2,5.5
699,4.1,5.5
700,4.2,5.6
701,4.2,5.6
702,4.2,5.6
703,4.3,5.6
704,4.3,5.7
705,4.4,5.8
706,4.3,5.8
707,4.3,5.8
708,4.4,5.9
709,4.4,5.9
710,4.5,6
711,4.5,6
712,4.5,6
713,4.6,6.1
714,4.5,6
715,4.5,6.1
716,4.6,6.2
717,4.6,6.2
718,4.6,6.1
719,4.7,6.2
720,4.7,5.6
721,4.6,4.8
722,4.7,4.1
723,4.6,3.7
724,4.6,3.3
725,4.6,3
726,4.6,2.7
727,4.6,2.4
728,4.6,2.2
729,4.5,2
730,4.6,1.8
731,4.5,1.6
732,4.5,1.9
733,4.4,2.3
734,4.4,2.6
735,4.4,2.9
736,4.4,3.2
737,4.4,3.4
738,4.3,3.6
739,4.4,3.7
740,4.3,3.8
741,4.3,3.9
742,4.3,4
743,4.3,4.2
744,4.3,4.3
745,4.3,4.3
746,4.3,4.5
747,4.3,4.5
748,4.3,4.6
749,4.3,4.6
750,4.3,4.7
751,4.4,4.9
752,4.4,4.9
753,4.4,4.9
754,4.4,5
755,4.4,5
756,4.3,5
757,4.4,4.8
758,4.4,4
759,4.4,3.4
760,4.4,2.9
761,4.3,2.6
762,4.3,2.3
763,4.3,2
764,4.3,1.7
765,4.3,1.8
766,4.3,2.2
767,4.2,2.5
768,4.2,2.8
769,4.2,3.1
770,4.2,3.3
771,4.1,3.4
772,4.2,3.6
773,4.1,3.7
774,4.1,3.8
775,4.1,3.9
776,4.1,4
777,4.2,4.2
778,4.1,4.2
779,4.1,4.3
780,4.1,4.4
781,4.1,4.5
782,4.1,4.5
783,4.1,4.6
784,4.1,4.6
785,4.2,4.7
786,4.2,4.8
787,4.2,4.9
788,4.2,4.9
789,4.2,5
790,4.2,5
791,4.2,5
792,4.2,5.1
793,4.2,4.8
794,4.2,4
795,4.2,3.4
796,4.2,3
797,4.2,2.5
798,4.2,2.2
799,4.1,1.9
800,4.1,1.7
801,4.1,1.8
802,4.1,2.2
803,4.1,2.6
804,4.1,2.9
805,4.1,3.1
806,4,3.3
807,4,3.4
808,4,3.5
809,4,3.7
810,4,3.8
811,4,3.9
812,4,4
813,4,4.1
814,4,4.1
815,4,4.2
816,3.9,4.3
817,4,4.4
818,4,4.5
819,4,4.5
820,4,4.6
821,4.1,4.7
822,4.1,4.8
823,4.1,4.8
824,4,4.8
825,4.1,4.9
826,4.2,5
827,4.1,5
828,4.1,5
829,4.2,5.1
830,4.2,4.6
831,4.1,3.8
832,4.2,3.3
833,4.1,2.9
834,4.1,2.4
835,4,2.1
836,4.1,1.8
837,4,1.7
838,4,1.9
839,4,2.3
840,4,2.7
841,4,3
842,4,3.1
843,3.9,3.3
844,4,3.5
845,3.9,3.5
846,3.9,3.7
847,3.9,3.8
848,3.9,3.9
849,3.9,4
850,3.9,4.1
851,4,4.2
852,3.9,4.3
853,4,4.4
854,3.9,4.4
855,4,4.5
856,4,4.5
857,4,4.6
858,4,4.7
859,4,4.8
860,4,4.8
861,4,4.8
862,4,4.9
863,4.1,5
864,4.1,5
865,4.1,5
866,4.1,5.1
867,4.1,4.7
868,4.1,3.8
869,4.1,3.2
870,4.1,2.8
871,4,2.4
872,4,2.1
873,4,1.9
874,4,1.7
875,4,1.9
876,4,2.3
877,4,2.7
878,4,2.9
879,4,3.1
880,3.9,3.3
881,3.9,3.4
882,3.9,3.5
883,3.9,3.7
884,3.9,3.8
885,3.8,3.8
886,3.9,4
887,3.9,4.1
888,3.9,4.1
889,3.9,4.3
890,3.8,4.3
891,3.9,4.4
892,3.9,4.4
893,3.9,4.5
894,3.9,4.5
895,4,4.7
896,3.9,4.7
897,4,4.8
898,4,4.8
899,4,4.9
900,4,4.9
901,4,5
902,4,5
903,4,5
904,4.1,5
905,4.1,4.3
906,4.1,3.6
907,4.1,3.1
908,4.1,2.7
909,4,2.3
910,4,2
911,3.9,1.7
912,4,1.8
913,3.9,2
914,4,2.5
915,4,2.8
916,3.9,3
917,3.9,3.2
918,3.9,3.3
919,3.9,3.5
920,3.9,3.6
921,3.9,3.7
922,3.8,3.8
923,3.9,3.9
924,3.8,4
925,3.8,4.1
926,3.9,4.2
927,3.9,4.3
928,3.8,4.3
929,3.9,4.4
930,4,4.5
931,3.9,4.5
932,4,4.7
933,3.9,4.7
934,4,4.8
935,4,4.8
936,3.9,4.8
937,4,4.9
938,4,4.9
939,4,5
940,4,5
941,4.1,5.1
942,4.1,4.7
943,4.1,3.9
944,4.1,3.3
945,4,2.8
946,4,2.4
947,4,2.1
948,3.9,1.8
949,3.9,1.7
950,3.9,1.9
951,3.9,2.3
952,4,2.7
953,3.9,3
954,3.9,3.2
955,3.9,3.3
956,3.8,3.4
957,3.9,3.6
958,3.9,3.7
959,3.8,3.8
960,3.9,3.9
961,3.8,4
962,3.9,4.1
963,3.8,4.1
964,3.9,4.3
965,3.8,4.3
966,3.9,4.4
967,4,4.5
968,3.9,4.6
969,3.9,4.6
970,3.9,4.7
971,3.9,4.7
972,4,4.8
973,3.9,4.8
974,4,4.9
975,4,4.9
976,4,5
977,4,5
978,4,5
979,4.1,5
980,4,4.1
981,4.1,3.5
982,4.1,3
983,4,2.5
984,4,2.2
985,4,1.9
986,3.9,1.6
987,3.9,1.7
988,3.9,2.1
989,4,2.5
990,3.9,2.8
991,3.9,3.1
992,3.9,3.2
993,3.8,3.3
994,3.9,3.5
995,3.8,3.6
996,3.9,3.8
997,3.8,3.8
998,3.8,3.9
999,3.8,4
1000,3.8,4.1
1001,3.9,4.2
1002,3.8,4.3
1003,3.8,4.3
1004,3.9,4.4
1005,3.9,4.5
1006,3.9,4.6
1007,3.9,4.7
1008,3.9,4.7
1009,4,4.8
1010,3.9,4.8
1011,3.9,4.8
1012,4,4.9
1013,4,4.9
1014,4,5
1015,4,5
1016,4.1,5.1
1017,4.1,4.9
1018,4,4
1019,4.1,3.4
1020,4.1,2.9
1021,4,2.5
1022,4,2.2
1023,4,1.9
1024,3.9,1.7
1025,3.9,1.8
1026,4,2.2
1027,3.9,2.5
1028,3.9,2.8
1029,3.9,3.1
1030,3.9,3.3
1031,3.8,3.3
1032,3.9,3.5
1033,3.8,3.6
1034,3.9,3.8
1035,3.8,3.8
1036,3.8,4
1037,3.8,4
1038,3.8,4.1
1039,3.9,4.3
1040,3.8,4.3
1041,3.9,4.4
1042,3.9,4.4
1043,3.9,4.5
1044,3.9,4.6
1045,3.9,4.7
1046,3.9,4.7
1047,4,4.8
1048,3.9,4.8
1049,4,4.9
1050,4,4.9
1051,4,4.9
1052,4,5
1053,4,5
1054,4.1,5.1
1055,4,5.1
1056,4,5.2
1057,4.1,5.3
1058,4.1,5.3
1059,4.1,5.4
1060,4.1,5.4
1061,4.1,5.4
1062,4.2,5.5
1063,4.2,5.5
1064,4.3,5.6
1065,4.2,5.6
1066,4.2,5.6
1067,4.3,5.7
1068,4.3,5.7
1069,4.4,5.8
1070,4.4,5.8
1071,4.3,5.8
1072,4.3,5.8
1073,4.4,5.9
1074,4.4,5.9
1075,4.5,6
1076,4.5,6
1077,4.5,6
1078,4.6,6.1
1079,4.5,6
1080,4.6,5.3
1081,4.5,4.5
1082,4.6,4
1083,4.6,3.5
1084,4.6,3.2
1085,4.6,2.9
1086,4.5,2.6
1087,4.5,2.4
1088,4.5,2.1
1089,4.5,1.9
1090,4.4,1.7
1091,4.4,1.8
1092,4.4,2.2
1093,4.4,2.6
1094,4.4,2.9
1095,4.3,3.1
1096,4.3,3.3
1097,4.3,3.6
1098,4.3,3.6
1099,4.3,3.8
1100,4.2,3.9
1101,4.2,4
1102,4.3,4.2
1103,4.2,4.2
1104,4.3,4.3
1105,4.2,4.4
1106,4.3,4.5
1107,4.2,4.5
1108,4.3,4.7
1109,4.2,4.7
1110,4.2,4.7
1111,4.3,4.8
1112,4.3,4.9
1113,4.3,4.9
1114,4.4,5
1115,4.3,5.1
1116,4.3,5
1117,4.3,4.4
1118,4.4,3.7
1119,4.4,3.2
1120,4.3,2.7
1121,4.2,2.4
1122,4.2,2.1
1123,4.2,1.8
1124,4.2,1.7
1125,4.2,1.9
1126,4.2,2.3
1127,4.2,2.7
1128,4.1,2.9
1129,4.1,3.1
1130,4.1,3.4
1131,4.1,3.5
1132,4.1,3.6
1133,4.1,3.7
1134,4.1,3.9
1135,4.1,3.9
1136,4.1,4.1
1137,4,4.1
1138,4.1,4.2
1139,4,4.3
1140,4.1,4.4
1141,4.1,4.5
1142,4,4.5
1143,4.1,4.6
1144,4.1,4.6
1145,4.2,4.8
1146,4.1,4.7
1147,4.2,4.9
1148,4.1,4.9
1149,4.2,5
1150,4.2,5
1151,4.2,5
1152,4.2,5.1
1153,4.2,4.4
1154,4.2,3.8
1155,4.2,3.2
1156,4.1,2.8
1157,4.1,2.4
1158,4.1,2.1
1159,4.1,1.9
1160,4.1,1.7
1161,4.1,1.9
1162,4.1,2.3
1163,4.1,2.7
1164,4.1,2.9
1165,4,3.1
1166,4,3.3
1167,4,3.5
1168,4,3.5
1169,4,3.7
1170,3.9,3.8
1171,4,3.9
1172,3.9,4
1173,4,4.1
1174,4,4.2
1175,3.9,4.3
1176,3.9,4.3
1177,4,4.4
1178,4,4.5
1179,4,4.5
1180,4.1,4.7
1181,4,4.7
1182,4.1,4.8
1183,4,4.8
1184,4,4.8
1185,4.1,4.9
1186,4.1,5
1187,4.1,5
1188,4.1,5
1189,4.1,5.1
1190,4.1,4.4
1191,4.1,3.7
1192,4.1,3.2
1193,4.1,2.8
1194,4.1,2.4
1195,4,2.1
1196,4,1.8
1197,4,1.7
1198,4,1.9
1199,4,2.3
1200,4,2.6
1201,4,2.9
1202,4,3.1
1203,3.9,3.3
1204,3.9,3.4
1205,3.9,3.5
1206,3.9,3.7
1207,3.9,3.8
1208,3.8,3.8
1209,3.9,4
1210,3.9,4.1
1211,3.9,4.1
1212,3.9,4.3
1213,3.9,4.3
1214,3.9,4.4
1215,3.9,4.4
1216,4,4.5
1217,3.9,4.5
1218,4,4.7
1219,4,4.7
1220,4,4.8
1221,4,4.8
1222,4,4.9
1223,4,4.9
1224,4.1,5
1225,4,5
1226,4,5
1227,4.1,5.1
1228,4.1,4.3
1229,4.1,3.7
1230,4.1,3.1
1231,4.1,2.7
1232,4,2.4
1233,4,2
1234,4,1.8
1235,4,1.7
1236,3.9,2
1237,4,2.4
1238,4,2.8
1239,4,3
1240,3.9,3.2
1241,3.9,3.3
1242,3.9,3.5
1243,3.9,3.6
1244,3.9,3.7
1245,3.8,3.8
1246,3.8,3.9
1247,3.8,4
1248,3.9,4.1
1249,3.8,4.2
1250,3.9,4.3
1251,3.8,4.3
1252,3.9,4.4
1253,4,4.5
1254,3.9,4.6
1255,4,4.7
1256,3.9,4.7
1257,3.9,4.7
1258,4,4.8
1259,3.9,4.8
1260,4,4.9
1261,4,4.9
1262,4,5
1263,4,5
1264,4.1,5.1
1265,4.1,4.5
1266,4,3.8
1267,4.1,3.2
1268,4.1,2.8
1269,4,2.4
1270,4,2.1
1271,4,1.9
1272,3.9,1.6
1273,3.9,1.9
1274,3.9,2.3
1275,3.9,2.6
1276,3.9,2.9
1277,3.9,3.2
1278,3.9,3.3
1279,3.8,3.4
1280,3.9,3.6
1281,3.8,3.7
1282,3.8,3.8
1283,3.8,3.8
1284,3.8,4
1285,3.9,4.1
1286,3.8,4.2
1287,3.9,4.3
1288,3.8,4.3
1289,3.9,4.4
1290,3.9,4.4
1291,3.9,4.5
1292,3.9,4.6
1293,3.9,4.7
1294,3.9,4.7
1295,4,4.8
1296,3.9,4.8
1297,3.9,4.8
1298,4,4.9
1299,4,5
1300,4,5
1301,4,5
1302,4.1,5
1303,4,4.2
1304,4.1,3.6
1305,4,3.1
1306,4,2.7
1307,4,2.4
1308,4,2
1309,3.9,1.7
1310,3.9,1.7
1311,3.9,2
1312,4,2.4
1313,3.9,2.7
1314,3.9,3
1315,3.9,3.2
1316,3.9,3.3
1317,3.8,3.4
1318,3.8,3.6
1319,3.9,3.7
1320,3.8,3.8
1321,3.9,3.9
1322,3.8,4
1323,3.9,4.1
1324,3.8,4.2
1325,3.9,4.3
1326,3.8,4.3
1327,3.9,4.4
1328,3.9,4.4
1329,3.9,4.6
1330,3.9,4.6
1331,3.9,4.7
1332,3.9,4.7
1333,4,4.8
1334,3.9,4.8
1335,4,4.9
1336,4,4.9
1337,4,5
1338,4,5
1339,4,5
1340,4.1,4.9
1341,4,4.1
1342,4,3.5
1343,4,3.1
1344,4,2.7
1345,4,2.4
1346,4,2.1
1347,3.9,1.9
1348,3.9,1.7
1349,3.9,1.9
1350,4,2.4
1351,3.9,2.7
1352,3.8,2.9
1353,3.9,3.2
1354,3.9,3.3
1355,3.8,3.4
1356,3.8,3.6
1357,3.8,3.7
1358,3.8,3.8
1359,3.8,3.9
1360,3.8,4
1361,3.9,4.1
1362,3.8,4.2
1363,3.8,4.3
1364,3.8,4.3
1365,3.9,4.4
1366,3.9,4.5
1367,3.9,4.6
1368,3.9,4.6
1369,3.9,4.7
1370,3.9,4.7
1371,3.9,4.8
1372,3.9,4.8
1373,4,4.9
1374,3.9,4.9
1375,4,5
1376,4,5
1377,4,5
1378,4,5
1379,4,4.3
1380,4,3.7
1381,4,3.1
1382,4,2.8
1383,4,2.5
1384,4,2.2
1385,3.9,2
1386,3.9,1.8
1387,3.9,1.8
1388,3.9,2.2
1389,3.9,2.6
1390,3.9,2.8
1391,3.9,3.1
1392,3.9,3.3
1393,3.8,3.4
1394,3.8,3.5
1395,3.8,3.6
1396,3.8,3.8
1397,3.8,3.8
1398,3.8,4
1399,3.8,4
1400,3.8,4.1
1401,3.9,4.3
1402,3.8,4.3
1403,3.8,4.3
1404,3.9,4.4
1405,3.9,4.5
1406,3.9,4.6
1407,3.9,4.7
1408,3.9,4.7
1409,4,4.8
1410,3.9,4.8
1411,3.9,4.8
1412,4,4.9
1413,3.9,4.9
1414,4,5
1415,4,5
1416,4.1,5.1
1417,4,5.2
1418,4,5.2
1419,4.1,5.3
1420,4.1,5.3
1421,4.1,5.4
1422,4.1,5.4
1423,4.1,5.4
1424,4.2,5.5
1425,4.2,5.5
1426,4.2,5.6
1427,4.2,5.6
1428,4.2,5.6
1429,4.3,5.7
1430,4.3,5.7
1431,4.3,5.7
1432,4.4,5.8
1433,4.3,5.8
1434,4.3,5.8
1435,4.4,5.9
1436,4.4,5.9
1437,4.5,6
1438,4.5,6
1439,4.5,5.9
1440,4.5,5.4
1441,4.5,4.7
1442,4.5,4.1
1443,4.5,3.7
1444,4.5,3.4
1445,4.5,3.2
1446,4.5,2.9
1447,4.5,2.7
1448,4.4,2.4
1449,4.4,2.2
1450,4.4,2
1451,4.4,1.8
1452,4.3,1.8
1453,4.3,2.1
1454,4.3,2.5
1455,4.3,2.8
1456,4.3,3
1457,4.3,3.3
1458,4.2,3.4
1459,4.2,3.6
1460,4.2,3.7
1461,4.2,3.8
1462,4.2,4
1463,4.2,4
1464,4.2,4.1
1465,4.2,4.2
1466,4.2,4.4
1467,4.2,4.4
1468,4.2,4.5
1469,4.2,4.5
1470,4.2,4.7
1471,4.2,4.7
1472,4.2,4.7
1473,4.2,4.8
1474,4.3,4.9
1475,4.3,4.9
1476,4.2,5
1477,4.3,5.1
1478,4.2,5
1479,4.3,4.4
1480,4.3,3.8
1481,4.3,3.3
1482,4.2,3
1483,4.2,2.6
1484,4.2,2.4
1485,4.2,2.1
1486,4.2,1.9
1487,4.2,1.8
1488,4.2,2.1
1489,4.1,2.4
1490,4.1,2.8
1491,4.1,3
1492,4,3.2
1493,4.1,3.4
1494,4,3.5
1495,4.1,3.7
1496,4,4
1497,4,4
1498,4,4.1
1499,4.1,4.2
1500,4,4.3
1501,4.1,4.4
1502,4,4.4
1503,4.1,4.5
1504,4,4.5
1505,4.1,4.6
1506,4.1,4.7
1507,4.1,4.8
1508,4.1,4.8
1509,4.2,4.9
1510,4.1,4.9
1511,4.2,5
1512,4.1,5
1513,4.1,5
1514,4.2,5
1515,4.2,4.2
1516,4.2,3.6
1517,4.2,3.2
1518,4.1,2.8
1519,4.1,2.5
1520,4.1,2.2
1521,4.1,2
1522,4.1,1.9
1523,4,1.9
1524,4.1,2.3
1525,4.1,2.7
1526,4.1,2.9
1527,4,3.1
1528,4,3.3
1529,3.9,3.4
1530,3.9,3.6
1531,4,3.7
1532,3.9,3.8
1533,4,3.9
1534,3.9,4
1535,3.9,4.1
1536,4,4.2
1537,3.9,4.3
1538,4,4.4
1539,3.9,4.4
1540,4,4.5
1541,4,4.5
1542,4,4.7
1543,4,4.7
1544,4.1,4.8
1545,4,4.8
1546,4,4.8
1547,4.1,4.9
1548,4,4.9
1549,4.1,5
1550,4.1,5
1551,4.1,5
1552,4.1,4.2
1553,4.1,3.6
1554,4.1,3.1
1555,4.1,2.8
1556,4.1,2.5
1557,4,2.2
1558,4,1.9
1559,4,1.8
1560,4,1.9
1561,4,2.3
1562,3.9,2.6
1563,3.9,2.9
1564,4,3.1
1565,3.9,3.3
1566,3.9,3.4
1567,3.9,3.6
1568,3.9,3.7
1569,3.9,3.8
1570,3.9,3.9
1571,3.9,4
1572,3.9,4.1
1573,3.9,4.1
1574,3.9,4.3
1575,3.9,4.3
1576,3.9,4.4
1577,4,4.5
1578,3.9,4.6
1579,3.9,4.6
1580,4,4.7
1581,3.9,4.7
1582,4,4.8
1583,4,4.8
1584,4,4.9
1585,4,4.9
1586,4.1,5
1587,4,5
1588,4,5.1
1589,4.1,4.6
1590,4.1,3.8
1591,4.1,3.3
1592,4.1,3
1593,4,2.6
1594,4,2.3
1595,4,2.1
1596,3.9,1.8
1597,4,1.8
1598,3.9,2.1
1599,4,2.5
1600,4,2.8
1601,4,3.1
1602,3.9,3.2
1603,3.9,3.3
1604,3.9,3.5
1605,3.8,3.6
1606,3.9,3.8
1607,3.8,3.8
1608,3.9,4
1609,3.8,4
1610,3.8,4.1
1611,3.8,4.2
1612,3.9,4.3
1613,3.8,4.3
1614,3.9,4.4
1615,3.9,4.5
1616,3.9,4.6
1617,3.9,4.6
1618,3.9,4.7
1619,4,4.8
1620,4,4.8
1621,3.9,4.8
1622,4,4.9
1623,4,4.9
1624,4,5
1625,4,5
1626,4.1,5
1627,4,4.3
1628,4.1,3.7
1629,4,3.1
1630,4.1,2.8
1631,4,2.5
1632,4,2.2
1633,3.9,2
1634,3.9,1.8
1635,3.9,1.8
1636,4,2.2
1637,3.9,2.5
1638,3.9,2.8
1639,3.8,3.1
1640,3.9,3.3
1641,3.8,3.4
1642,3.8,3.5
1643,3.8,3.6
1644,3.8,3.8
1645,3.8,3.8
1646,3.8,4
1647,3.8,4
1648,3.8,4.2
1649,3.9,4.3
1650,3.8,4.3
1651,3.8,4.3
1652,3.9,4.4
1653,3.9,4.6
1654,3.9,4.6
1655,3.9,4.7
1656,3.9,4.7
1657,4,4.8
1658,3.9,4.8
1659,3.9,4.8
1660,4,4.9
1661,4,4.9
1662,4,5
1663,4,5
1664,4.1,5
1665,4,4.2
1666,4.1,3.6
1667,4,3.2
1668,4,2.8
1669,4,2.4
1670,3.9,2.1
1671,3.9,2
1672,3.9,1.7
1673,3.9,1.8
1674,3.9,2.3
1675,3.9,2.6
1676,3.9,2.8
1677,3.9,3.1
1678,3.9,3.3
1679,3.8,3.4
1680,3.9,3.6
1681,3.8,3.7
1682,3.8,3.8
1683,3.8,3.8
1684,3.8,4
1685,3.8,4
1686,3.8,4.2
1687,3.9,4.3
1688,3.8,4.3
1689,3.9,4.4
1690,3.8,4.4
1691,3.9,4.6
1692,3.9,4.6
1693,3.9,4.7
1694,3.9,4.7
1695,4,4.8
1696,3.9,4.8
1697,4,4.9
1698,4,4.9
1699,4,5
1700,4,5
1701,4,5.1
1702,4,4.9
1703,4,4.1
1704,4.1,3.6
1705,4,3
1706,4,2.7
1707,4,2.4
1708,3.9,2.1
1709,3.9,1.9
1710,3.9,1.7
1711,3.9,1.9
1712,3.9,2.4
1713,3.9,2.7
1714,3.9,3
1715,3.9,3.2
1716,3.8,3.3
1717,3.8,3.4
1718,3.8,3.6
1719,3.8,3.7
1720,3.8,3.8
1721,3.8,3.9
1722,3.8,4
1723,3.8,4.1
1724,3.8,4.2
1725,3.8,4.3
1726,3.8,4.3
1727,3.9,4.4
1728,3.9,4.5
1729,3.9,4.6
1730,3.9,4.6
1731,3.9,4.7
1732,3.9,4.7
1733,3.9,4.8
1734,3.9,4.8
1735,4,4.9
1736,4,4.9
1737,4,5
1738,4,5
1739,4,5
1740,4,4.6
1741,4,3.9
1742,4,3.3
1743,4,2.9
1744,4,2.6
1745,4,2.2
1746,3.9,2
1747,3.9,1.8
1748,3.9,1.7
1749,3.9,2.1
1750,3.9,2.5
1751,3.9,2.8
1752,3.8,3
1753,3.8,3.2
1754,3.8,3.3
1755,3.8,3.5
1756,3.8,3.6
1757,3.8,3.8
1758,3.8,3.8
1759,3.8,3.9
1760,3.8,4
1761,3.8,4.1
1762,3.8,4.2
1763,3.8,4.3
1764,3.8,4.3
1765,3.9,4.4
1766,3.9,4.5
1767,3.9,4.6
1768,3.9,4.6
1769,3.9,4.7
1770,3.9,4.7
1771,3.9,4.8
1772,3.9,4.8
1773,4,4.9
1774,3.9,4.9
1775,4,5.1
1776,4,5
1777,4,5.1
1778,4,5.1
1779,4,5.2
1780,4.1,5.3
1781,4.1,5.3
1782,4.1,5.4
1783,4.1,5.4
1784,4.1,5.4
1785,4.2,5.5
1786,4.1,5.5
1787,4.2,5.6
1788,4.2,5.6
1789,4.2,5.6
1790,4.3,5.7
1791,4.3,5.7
1792,4.3,5.7
1793,4.3,5.8
1794,4.3,5.8
1795,4.3,5.8
1796,4.4,5.9
1797,4.4,5.9
1798,4.5,6
1799,4.5,6
1800,4.5,5.4
1801,4.5,4.7
1802,4.5,4.1
1803,4.5,3.7
1804,4.5,3.3
1805,4.5,3
1806,4.4,2.7
1807,4.4,2.5
1808,4.4,2.3
1809,4.4,2
1810,4.3,1.8
1811,4.3,1.7
1812,4.3,2
1813,4.2,2.4
1814,4.2,2.7
1815,4.2,3
1816,4.3,3.2
1817,4.2,3.4
1818,4.2,3.6
1819,4.2,3.7
1820,4.2,3.8
1821,4.2,3.9
1822,4.2,4.1
1823,4.1,4.1
1824,4.2,4.3
1825,4.2,4.4
1826,4.2,4.4
1827,4.2,4.5
1828,4.2,4.6
1829,4.2,4.7
1830,4.2,4.7
1831,4.2,4.7
1832,4.2,4.8
1833,4.3,4.9
1834,4.3,5
1835,4.2,5
1836,4.3,5.1
1837,4.3,5
1838,4.3,4.2
1839,4.3,3.6
1840,4.3,3.1
1841,4.2,2.8
1842,4.2,2.5
1843,4.2,2.2
1844,4.2,1.9
1845,4.1,1.7
1846,4.1,1.8
1847,4.1,2.2
1848,4.2,2.6
1849,4.1,2.9
1850,4.1,3.1
1851,4,3.3
1852,4,3.4
1853,4,3.5
1854,4,3.7
1855,4,3.8
1856,4,3.9
1857,4,4
1858,4,4.1
1859,4.1,4.2
1860,4,4.3
1861,4,4.4
1862,4,4.4
1863,4,4.5
1864,4,4.5
1865,4.1,4.7
1866,4.1,4.7
1867,4.1,4.8
1868,4.1,4.8
1869,4.1,4.9
1870,4.1,4.9
1871,4.2,5
1872,4.1,5
1873,4.1,5
1874,4.2,4.8
1875,4.1,4.1
1876,4.2,3.5
1877,4.2,3
1878,4.1,2.6
1879,4.1,2.2
1880,4.1,2
1881,4,1.7
1882,4,1.7
1883,4,2
1884,4,2.4
1885,4,2.7
1886,4,2.9
1887,3.9,3.2
1888,4,3.3
1889,3.9,3.4
1890,3.9,3.6
1891,3.9,3.7
1892,3.9,3.8
1893,3.9,3.9
1894,3.9,4
1895,3.9,4.1
1896,3.9,4.2
1897,3.9,4.3
1898,3.9,4.3
1899,3.9,4.4
1900,4,4.5
1901,4,4.6
1902,4,4.7
1903,4,4.7
1904,4.1,4.8
1905,4,4.8
1906,4,4.8
1907,4,4.9
1908,4,4.9
1909,4.1,5
1910,4,5.1
1911,4.1,5.1
1912,4.1,4.4
1913,4.1,3.7
1914,4.1,3.1
1915,4.1,2.7
1916,4,2.4
1917,4,2.1
1918,4,1.8
1919,4,1.7
1920,3.9,1.8
1921,3.9,2.2
1922,3.9,2.5
1923,3.9,2.8
1924,3.9,3
1925,3.9,3.3
1926,3.9,3.4
1927,3.8,3.5
1928,3.9,3.6
1929,3.9,3.8
1930,3.8,3.8
1931,3.8,3.9
1932,3.8,4
1933,3.9,4.1
1934,3.9,4.3
1935,3.9,4.3
1936,3.8,4.3
1937,3.9,4.4
1938,4,4.6
1939,3.9,4.6
1940,3.9,4.6
1941,3.9,4.7
1942,4,4.8
1943,4,4.8
1944,3.9,4.8
1945,4,4.9
1946,4,4.9
1947,4,5
1948,4,5
1949,4.1,5.1
1950,4,4.3
1951,4.1,3.7
1952,4.1,3.1
1953,4.1,2.7
1954,4,2.4
1955,4,2
1956,3.9,1.8
1957,3.9,1.6
1958,3.9,1.8
1959,3.9,2.2
1960,3.9,2.6
1961,3.9,2.8
1962,3.8,3
1963,3.9,3.3
1964,3.8,3.4
1965,3.8,3.5
1966,3.8,3.6
1967,3.9,3.8
1968,3.8,3.8
1969,3.8,3.9
1970,3.8,4
1971,3.8,4.2
1972,3.8,4.2
1973,3.8,4.3
1974,3.8,4.3
1975,3.9,4.4
1976,3.9,4.6
1977,3.9,4.6
1978,3.9,4.6
1979,3.9,4.7
1980,3.9,4.7
1981,3.9,4.8
1982,3.9,4.8
1983,4,4.9
1984,4,4.9
1985,4,5
1986,4,5.1
1987,4.1,5.1
1988,4,4.3
1989,4.1,3.7
1990,4,3.1
1991,4,2.8
1992,4,2.4
1993,3.9,2.1
1994,3.9,1.8
1995,3.9,1.6
1996,3.9,1.9
1997,3.9,2.3
1998,3.9,2.6
1999,3.9,2.9
2000,3.8,3.1
2001,3.9,3.3
2002,3.8,3.4
2003,3.9,3.6
2004,3.8,3.6
2005,3.8,3.8
2006,3.8,3.8
2007,3.8,4
2008,3.8,4
2009,3.8,4.2
2010,3.8,4.2
2011,3.8,4.3
2012,3.8,4.3
2013,3.9,4.5
2014,3.9,4.6
2015,3.9,4.6
2016,3.9,4.7
2017,3.9,4.7
2018,4,4.8
2019,3.9,4.8
2020,3.9,4.8
2021,3.9,4.9
2022,3.9,5
2023,4,5
2024,4,5.1
2025,4.1,5
2026,4,4.2
2027,4,3.5
2028,4,3
2029,4,2.6
2030,4,2.3
2031,4,2
2032,3.9,1.7
2033,3.9,1.6
2034,3.9,1.9
2035,3.9,2.3
2036,3.9,2.7
2037,3.9,2.9
2038,3.8,3.1
2039,3.9,3.3
2040,3.8,3.4
2041,3.8,3.6
2042,3.8,3.6
2043,3.8,3.8
2044,3.8,3.9
2045,3.8,4
2046,3.8,4
2047,3.8,4.2
2048,3.8,4.3
2049,3.8,4.3
2050,3.8,4.3
2051,3.9,4.4
2052,3.9,4.6
2053,3.9,4.6
2054,3.9,4.7
2055,3.9,4.7
2056,4,4.8
2057,3.9,4.8
2058,3.9,4.8
2059,4,4.9
2060,3.9,4.9
2061,4,5
2062,4,5
2063,4,5.1
2064,4.1,4.4
2065,4,3.6
2066,4,3.1
2067,4,2.7
2068,3.9,2.3
2069,3.9,2.1
2070,3.9,1.8
2071,3.9,1.6
2072,3.9,1.9
2073,3.9,2.3
2074,3.9,2.6
2075,3.9,2.9
2076,3.8,3.1
2077,3.9,3.3
2078,3.8,3.4
2079,3.8,3.5
2080,3.8,3.6
2081,3.8,3.8
2082,3.8,3.8
2083,3.8,4
2084,3.8,4
2085,3.8,4.1
2086,3.8,4.2
2087,3.8,4.3
2088,3.8,4.3
2089,3.9,4.4
2090,3.9,4.6
2091,3.9,4.6
2092,3.9,4.6
2093,3.9,4.7
2094,3.9,4.7
2095,3.9,4.8
2096,3.9,4.8
2097,4,4.9
2098,3.9,4.9
2099,4,5
2100,4,5
2101,4,5.2
2102,4,4.5
2103,4,3.8
2104,4,3.2
2105,4,2.8
2106,4,2.4
2107,3.9,2.1
2108,3.9,1.8
2109,3.9,1.6
2110,3.9,1.7
2111,3.9,2.2
2112,3.9,2.5
2113,3.9,2.8
2114,3.8,3
2115,3.9,3.3
2116,3.8,3.4
2117,3.8,3.5
2118,3.8,3.6
2119,3.8,3.7
2120,3.8,3.8
2121,3.7,3.9
2122,3.8,4
2123,3.8,4.1
2124,3.8,4.2
2125,3.8,4.3
2126,3.8,4.3
2127,3.9,4.4
2128,3.8,4.5
2129,3.9,4.6
2130,3.8,4.6
2131,3.9,4.7
2132,3.9,4.7
2133,3.9,4.8
2134,3.9,4.8
2135,3.9,4.8
2136,3.9,4.9
2137,4,5
2138,4,5
2139,4,5.1
2140,4,5.2
2141,4,5.2
2142,4,5.2
2143,4.1,5.3
2144,4,5.3
2145,4.1,5.4
2146,4.1,5.4
2147,4.1,5.4
2148,4.1,5.5
2149,4.1,5.5
2150,4.2,5.6
2151,4.2,5.6
2152,4.2,5.6
2153,4.3,5.7
2154,4.3,5.7
2155,4.3,5.8
2156,4.3,5.8
2157,4.3,5.8
2158,4.4,5.9
2159,4.4,5.8
2160,4.4,5.2
2161,4.4,4.3
2162,4.4,3.8
2163,4.4,3.4
2164,4.4,3
2165,4.4,2.7
2166,4.3,2.4
2167,4.3,2.2
2168,4.3,1.9
2169,4.3,1.7
2170,4.3,1.7
2171,4.3,2
2172,4.2,2.3
2173,4.2,2.7
2174,4.2,2.9
2175,4.1,3.2
2176,4.2,3.4
2177,4.1,3.5
2178,4.1,3.7
2179,4.2,3.9
2180,4.1,3.9
2181,4.2,4.1
2182,4.1,4.1
2183,4.1,4.2
2184,4.1,4.3
2185,4.1,4.4
2186,4.1,4.4
2187,4.1,4.5
2188,4.1,4.6
2189,4.2,4.7
2190,4.2,4.7
2191,4.2,4.8
2192,4.2,4.8
2193,4.2,5
2194,4.2,5
2195,4.2,5
2196,4.2,5.1
2197,4.2,4.9
2198,4.2,4.1
2199,4.2,3.5
2200,4.2,3
2201,4.2,2.6
2202,4.2,2.3
2203,4.2,1.9
2204,4.1,1.7
2205,4.1,1.6
2206,4.1,2
2207,4.1,2.4
2208,4.1,2.7
2209,4.1,3
2210,4,3.2
2211,4,3.3
2212,4,3.5
2213,4,3.6
2214,4,3.7
2215,4,3.8
2216,4,3.9
2217,3.9,4
2218,4,4.1
2219,4,4.2
2220,4,4.3
2221,4,4.4
2222,4,4.4
2223,4,4.5
2224,4,4.5
2225,4.1,4.6
2226,4,4.7
2227,4.1,4.8
2228,4.1,4.8
2229,4.1,4.9
2230,4.1,4.9
2231,4.2,5
2232,4.1,5
2233,4.1,5
2234,4.2,5.1
2235,4.2,4.4
2236,4.1,3.7
2237,4.1,3.2
2238,4.1,2.7
2239,4.1,2.4
2240,4,2
2241,4,1.8
2242,4,1.5
2243,4,1.8
2244,4,2.3
2245,4,2.6
2246,4,2.8
2247,3.9,3.1
2248,4,3.3
2249,3.9,3.4
2250,3.9,3.5
2251,3.9,3.6
2252,3.9,3.8
2253,3.9,3.8
2254,3.9,4
2255,3.9,4
2256,3.9,4.1
2257,3.9,4.3
2258,3.9,4.3
2259,3.9,4.3
2260,3.9,4.4
2261,4,4.5
2262,4,4.6
2263,4,4.7
2264,4,4.7
2265,4,4.8
2266,4,4.8
2267,4,4.8
2268,4,4.9
2269,4,4.9
2270,4.1,5
2271,4.1,5
2272,4,5.1
2273,4.1,4.6
2274,4.1,3.8
2275,4.1,3.2
2276,4.1,2.8
2277,4,2.4
2278,4,2.1
2279,4,1.8
2280,4,1.6
2281,4,1.7
2282,3.9,2.1
2283,4,2.5
2284,3.9,2.8
2285,3.9,3
2286,3.9,3.2
2287,3.9,3.3
2288,3.8,3.4
2289,3.9,3.6
2290,3.8,3.7
2291,3.8,3.8
2292,3.8,3.9
2293,3.8,4
2294,3.9,4.1
2295,3.8,4.2
2296,3.9,4.3
2297,3.8,4.3
2298,3.9,4.4
2299,3.9,4.5
2300,3.9,4.6
2301,3.9,4.6
2302,4,4.7
2303,3.9,4.7
2304,4,4.8
2305,3.9,4.8
2306,4,4.9
2307,4,4.9
2308,4.1,5
2309,4,5
2310,4,5
2311,4.1,5.1
2312,4.1,4.3
2313,4.1,3.6
2314,4,3.1
2315,4,2.6
2316,4,2.3
2317,4,1.9
2318,3.9,1.6
2319,3.9,1.6
2320,3.9,1.9
2321,3.9,2.3
2322,3.9,2.6
2323,3.9,2.9
2324,3.8,3.1
2325,3.9,3.3
2326,3.8,3.4
2327,3.8,3.5
2328,3.8,3.6
2329,3.8,3.8
2330,3.8,3.8
2331,3.8,4
2332,3.8,4
2333,3.8,4.1
2334,3.8,4.2
2335,3.8,4.3
2336,3.8,4.3
2337,3.9,4.4
2338,3.9,4.5
2339,3.9,4.5
2340,3.9,4.6
2341,3.9,4.7
2342,3.9,4.7
2343,3.9,4.8
2344,3.9,4.8
2345,4,4.9
2346,4,4.9
2347,4,5
2348,4,5
2349,4,5
2350,4.1,4.9
2351,4,4.1
2352,4.1,3.5
2353,4,3
2354,4,2.5
2355,3.9,2.1
2356,3.9,1.9
2357,3.9,1.6
2358,3.9,1.6
2359,4,2
2360,3.9,2.4
2361,3.9,2.7
2362,3.9,2.9
2363,3.8,3.1
2364,3.9,3.3
2365,3.8,3.4
2366,3.8,3.6
2367,3.8,3.6
2368,3.8,3.8
2369,3.8,3.8
2370,3.8,4
2371,3.8,4
2372,3.8,4.1
2373,3.9,4.3
2374,3.8,4.3
2375,3.8,4.3
2376,3.9,4.4
2377,3.9,4.5
2378,3.9,4.6
2379,3.9,4.6
2380,3.9,4.7
2381,3.9,4.7
2382,3.9,4.8
2383,3.9,4.8
2384,4,4.9
2385,3.9,4.9
2386,4,5
2387,4,5
2388,4,5.1
2389,4,4.8
2390,4,3.9
2391,4,3.3
2392,4,2.9
2393,4,2.5
2394,4,2.1
2395,3.9,1.8
2396,3.9,1.5
2397,3.9,1.7
2398,3.9,2.1
2399,3.9,2.5
2400,3.9,2.8
2401,3.8,3
2402,3.9,3.3
2403,3.8,3.3
2404,3.8,3.4
2405,3.8,3.6
2406,3.8,3.7
2407,3.8,3.8
2408,3.8,3.9
2409,3.8,4
2410,3.8,4.1
2411,3.8,4.2
2412,3.8,4.3
2413,3.8,4.3
2414,3.9,4.4
2415,3.9,4.4
2416,3.9,4.6
2417,3.8,4.6
2418,3.9,4.7
2419,3.9,4.7
2420,3.9,4.8
2421,3.9,4.8
2422,3.9,4.8
2423,4,4.9
2424,3.9,4.9
2425,4,5
2426,4,5
2427,4,5.1
2428,4,4.4
2429,4,3.7
2430,4,3.1
2431,4,2.7
2432,3.9,2.2
2433,4,2
2434,3.9,1.7
2435,3.9,1.6
2436,3.9,1.9
2437,3.9,2.2
2438,3.9,2.6
2439,3.9,2.9
2440,3.9,3.1
2441,3.8,3.2
2442,3.8,3.4
2443,3.8,3.5
2444,3.8,3.6
2445,3.8,3.7
2446,3.8,3.8
2447,3.7,3.9
2448,3.8,4
2449,3.8,4.1
2450,3.8,4.2
2451,3.8,4.3
2452,3.8,4.3
2453,3.9,4.4
2454,3.8,4.5
2455,3.9,4.6
2456,3.9,4.6
2457,3.9,4.7
2458,3.9,4.7
2459,3.9,4.8
2460,3.9,4.8
2461,3.9,4.8
2462,3.9,4.9
2463,4,5
2464,4,5
2465,4,5
2466,4,5.1
2467,4,4.4
2468,4,3.7
2469,4,3.1
2470,4,2.8
2471,4,2.3
2472,3.9,2
2473,3.9,1.7
2474,3.9,1.6
2475,3.9,1.9
2476,3.9,2.2
2477,3.9,2.6
2478,3.9,2.9
2479,3.8,3.1
2480,3.8,3.2
2481,3.8,3.4
2482,3.8,3.5
2483,3.8,3.6
2484,3.8,3.7
2485,3.8,3.8
2486,3.8,3.9
2487,3.8,4
2488,3.8,4.1
2489,3.8,4.2
2490,3.8,4.3
2491,3.8,4.3
2492,3.9,4.4
2493,3.9,4.4
2494,3.9,4.5
2495,3.9,4.6
2496,3.9,4.7
2497,3.9,4.7
2498,3.9,4.8
2499,3.9,4.8
2500,4,4.9
2501,3.9,4.9
2502,3.9,4.9
2503,4,5
2504,4,5
2505,4,5.1
2506,4,5.1
2507,4,5.1
2508,4.1,5.3
2509,4,5.3
2510,4.1,5.4
2511,4.1,5.4
2512,4.1,5.4
2513,4.1,5.4
2514,4.2,5.5
2515,4.2,5.6
2516,4.2,5.6
2517,4.2,5.6
2518,4.3,5.7
2519,4.3,5.6
2520,4.3,5
2521,4.3,4.2
2522,4.3,3.7
2523,4.3,3.2
2524,4.3,2.9
2525,4.3,2.6
2526,4.2,2.2
2527,4.2,2
2528,4.2,1.8
2529,4.1,1.6
2530,4.1,1.8
2531,4.1,2.2
2532,4.1,2.5
2533,4,2.8
2534,4,3.1
2535,4.1,3.3
2536,4,3.4
2537,4,3.5
2538,4,3.6
2539,4,3.8
2540,4.1,3.9
2541,4,4
2542,4,4.1
2543,4,4.2
2544,4,4.3
2545,4,4.3
2546,4,4.5
2547,4,4.5
2548,4.1,4.6
2549,4.1,4.6
2550,4.1,4.7
2551,4.1,4.7
2552,4.1,4.8
2553,4.1,4.9
2554,4.2,4.9
2555,4.1,5
2556,4.1,5
2557,4.2,5.1
2558,4.1,4.9
2559,4.2,4.2
2560,4.2,3.6
2561,4.2,3.1
2562,4.1,2.7
2563,4.1,2.3
2564,4.1,2.1
2565,4.1,1.8
2566,4,1.6
2567,4,1.8
2568,4,2.3
2569,4,2.6
2570,4,2.9
2571,4,3.2
2572,4,3.3
2573,3.9,3.4
2574,4,3.5
2575,3.9,3.6
2576,3.9,3.8
2577,3.9,3.8
2578,3.9,4
2579,3.9,4
2580,3.9,4.1
2581,3.9,4.3
2582,3.9,4.3
2583,3.9,4.4
2584,3.9,4.4
2585,4,4.5
2586,4,4.5
2587,4,4.7
2588,4,4.7
2589,4,4.8
2590,4,4.8
2591,4,4.8
2592,4,4.9
2593,4.1,5
2594,4.1,5
2595,4,5
2596,4.1,5.1
2597,4.1,4.5
2598,4.1,3.8
2599,4.1,3.2
2600,4.1,2.8
2601,4,2.4
2602,4,2.1
2603,4,1.9
2604,4,1.6
2605,3.9,1.7
2606,3.9,2.1
2607,4,2.4
2608,3.9,2.8
2609,3.9,3
2610,3.9,3.2
2611,3.9,3.3
2612,3.8,3.4
2613,3.9,3.6
2614,3.8,3.6
2615,3.9,3.8
2616,3.8,3.9
2617,3.8,4
2618,3.9,4.1
2619,3.8,4.1
2620,3.9,4.3
2621,3.8,4.3
2622,3.9,4.4
2623,3.9,4.4
2624,3.9,4.5
2625,3.9,4.6
2626,4,4.7
2627,3.9,4.7
2628,4,4.8
2629,3.9,4.8
2630,3.9,4.8
2631,4,4.9
2632,4,4.9
2633,4,5
2634,4,5
2635,4.1,5
2636,4.1,4.4
2637,4.1,3.7
2638,4.1,3.2
2639,4.1,2.8
2640,4,2.4
2641,4,2.2
2642,3.9,1.9
2643,3.9,1.6
2644,3.9,1.7
2645,3.9,2.1
2646,3.9,2.4
2647,3.8,2.7
2648,3.9,3
2649,3.8,3.2
2650,3.9,3.4
2651,3.8,3.4
2652,3.8,3.5
2653,3.8,3.7
2654,3.8,3.8
2655,3.8,3.9
2656,3.8,4
2657,3.8,4
2658,3.8,4.2
2659,3.9,4.3
2660,3.8,4.3
2661,3.8,4.3
2662,3.9,4.4
2663,3.9,4.5
2664,3.9,4.6
2665,3.9,4.6
2666,3.9,4.7
2667,3.9,4.7
2668,3.9,4.8
2669,3.9,4.8
2670,4,4.9
2671,4,4.9
2672,4,5
2673,4,5
2674,4,5
2675,4,4.7
2676,4,4
2677,4,3.4
2678,4,3
2679,4,2.6
2680,4,2.3
2681,4,2
2682,3.9,1.8
2683,3.9,1.7
2684,3.9,1.9
2685,3.9,2.3
2686,3.9,2.6
2687,3.9,2.9
2688,3.8,3.1
2689,3.9,3.3
2690,3.8,3.4
2691,3.8,3.5
2692,3.8,3.6
2693,3.8,3.7
2694,3.8,3.8
2695,3.8,3.9
2696,3.8,4
2697,3.8,4.1
2698,3.8,4.2
2699,3.8,4.3
2700,3.8,4.3
2701,3.9,4.4
2702,3.9,4.4
2703,3.9,4.6
2704,3.9,4.6
2705,3.9,4.7
2706,3.9,4.7
2707,3.9,4.8
2708,3.9,4.8
2709,3.9,4.8
2710,4,4.9
2711,4,5
2712,4,5
2713,4,5
2714,4,5.1
2715,4,4.5
2716,4,3.7
2717,4,3.2
2718,4,2.8
2719,4,2.5
2720,3.9,2.2
2721,3.9,1.9
2722,3.9,1.7
2723,3.9,1.7
2724,3.9,2
2725,3.9,2.4
2726,3.9,2.7
2727,3.9,2.9
2728,3.8,3.1
2729,3.9,3.3
2730,3.8,3.4
2731,3.8,3.5
2732,3.8,3.6
2733,3.8,3.8
2734,3.8,3.8
2735,3.7,3.9
2736,3.8,4
2737,3.8,4.1
2738,3.8,4.2
2739,3.8,4.3
2740,3.8,4.3
2741,3.9,4.4
2742,3.8,4.5
2743,3.9,4.6
2744,3.8,4.6
2745,3.9,4.7
2746,3.9,4.7
2747,3.9,4.8
2748,3.9,4.8
2749,3.9,4.8
2750,4,4.9
2751,3.9,5
2752,4,5
2753,4,5.1
2754,4,5.1
2755,4.1,4.3
2756,4,3.7
2757,4,3.1
2758,4,2.8
2759,3.9,2.5
2760,4,2.2
2761,3.9,2
2762,3.9,1.7
2763,3.9,1.7
2764,3.9,2.1
2765,3.9,2.5
2766,3.9,2.8
2767,3.8,3
2768,3.8,3.2
2769,3.8,3.3
2770,3.8,3.4
2771,3.8,3.5
2772,3.8,3.7
2773,3.8,3.8
2774,3.8,3.9
2775,3.8,4
2776,3.8,4
2777,3.8,4.2
2778,3.8,4.2
2779,3.8,4.3
2780,3.9,4.4
2781,3.8,4.4
2782,3.9,4.5
2783,3.9,4.6
2784,3.8,4.6
2785,3.9,4.7
2786,3.9,4.7
2787,3.9,4.8
2788,3.9,4.8
2789,4,4.9
2790,3.9,4.9
2791,4,5
2792,4,5
2793,4,5
2794,4,4.8
2795,4,4
2796,4,3.4
2797,4,3
2798,4,2.7
2799,4,2.4
2800,4,2.1
2801,3.9,1.8
2802,3.9,1.6
2803,3.9,1.8
2804,3.9,2.2
2805,3.9,2.6
2806,3.9,2.8
2807,3.8,3
2808,3.9,3.3
2809,3.8,3.4
2810,3.8,3.5
2811,3.8,3.6
2812,3.8,3.8
2813,3.8,3.8
2814,3.7,3.9
2815,3.8,4
2816,3.8,4.1
2817,3.8,4.2
2818,3.8,4.3
2819,3.8,4.3
2820,3.9,4.4
2821,3.9,4.5
2822,3.9,4.6
2823,3.8,4.6
2824,3.9,4.7
2825,3.9,4.7
2826,3.9,4.8
2827,3.9,4.8
2828,3.9,4.8
2829,3.9,4.9
2830,3.9,4.9
2831,4,5
2832,3.9,5
2833,4,5.1
2834,4,4.4
2835,4,3.7
2836,4,3.2
2837,4,2.8
2838,4,2.5
2839,3.9,2.2
2840,3.9,2
2841,3.9,1.7
2842,3.9,1.7
2843,3.9,2
2844,3.9,2.4
2845,3.9,2.7
2846,3.8,2.9
2847,3.8,3.1
2848,3.8,3.3
2849,3.8,3.4
2850,3.8,3.5
2851,3.8,3.6
2852,3.8,3.8
2853,3.8,3.8
2854,3.8,4
2855,3.8,4
2856,3.8,4.2
2857,3.8,4.3
2858,3.8,4.3
2859,3.8,4.3
2860,3.8,4.4
2861,3.9,4.5
2862,3.9,4.6
2863,3.8,4.6
2864,3.9,4.7
2865,3.9,4.7
2866,3.9,4.8
2867,3.9,4.8
2868,4,4.9
2869,3.9,4.9
2870,4,5
2871,4,5
2872,4,5.1
2873,4,5.2
2874,4,5.1
2875,4,5.2
2876,4,5.3
2877,4,5.3
2878,4.1,5.4
2879,4.1,5.4
2880,4.1,4.8
2881,4.2,4.1
2882,4.1,3.6
2883,4.1,3.2
2884,4.1,2.8
2885,4.1,2.5
2886,4.1,2.2
2887,4,2.1
2888,4,1.8
2889,4,1.7
2890,4,1.9
2891,4,2.4
2892,4,2.7
2893,4,3
2894,3.9,3.1
2895,3.9,3.3
2896,3.9,3.5
2897,3.9,3.6
2898,3.9,3.7
2899,3.8,3.8
2900,3.9,3.9
2901,3.9,4.1
2902,3.9,4.1
2903,3.9,4.2
2904,3.9,4.3
2905,3.9,4.4
2906,3.9,4.4
2907,4,4.5
2908,3.9,4.5
2909,4,4.6
2910,3.9,4.7
2911,4,4.8
2912,4,4.8
2913,4,4.9
2914,4,4.9
2915,4.1,5
2916,4,5
2917,4,5
2918,4.1,5.1
2919,4.1,4.5
2920,4,3.8
2921,4.1,3.3
2922,4.1,2.9
2923,4,2.6
2924,4,2.3
2925,4,2
2926,3.9,1.8
2927,3.9,1.7
2928,4,1.9
2929,3.9,2.3
2930,3.9,2.6
2931,3.9,2.9
2932,3.9,3.1
2933,3.9,3.3
2934,3.9,3.4
2935,3.8,3.5
2936,3.8,3.6
2937,3.8,3.7
2938,3.8,3.8
2939,3.9,4
2940,3.8,4
2941,3.8,4.1
2942,3.8,4.2
2943,3.8,4.3
2944,3.8,4.3
2945,3.9,4.4
2946,3.9,4.5
2947,3.9,4.6
2948,3.9,4.6
2949,3.9,4.7
2950,3.9,4.7
2951,4,4.8
2952,3.9,4.8
2953,3.9,4.8
2954,4,4.9
2955,4,5
2956,4,5
2957,4,5.1
2958,4.1,4.9
2959,4,4.2
2960,4.1,3.5
2961,4,3.1
2962,4,2.8
2963,4,2.4
2964,4,2.2
2965,4,1.9
2966,3.9,1.7
2967,3.9,1.8
2968,3.9,2.1
2969,3.9,2.5
2970,3.9,2.8
2971,3.9,3
2972,3.8,3.2
2973,3.9,3.4
2974,3.8,3.4
2975,3.8,3.6
2976,3.8,3.7
2977,3.8,3.8
2978,3.8,3.9
2979,3.8,4
2980,3.8,4.1
2981,3.8,4.2
2982,3.8,4.3
2983,3.8,4.3
2984,3.9,4.4
2985,3.9,4.4
2986,3.9,4.6
2987,3.9,4.6
2988,3.9,4.7
2989,3.9,4.7
2990,4,4.8
2991,3.9,4.8
2992,3.9,4.8
2993,4,4.9
2994,3.9,5
2995,4,5
2996,4,5
2997,4,5.1
2998,4.1,4.3
2999,4,3.7
3000,4,3.2
3001,4,2.9
3002,4,2.5
3003,3.9,2.2
3004,3.9,1.9
3005,3.9,1.7
3006,3.9,1.7
3007,3.9,2
3008,3.9,2.4
3009,3.9,2.7
3010,3.9,3
3011,3.8,3.2
3012,3.9,3.3
3013,3.8,3.4
3014,3.8,3.5
3015,3.8,3.7
3016,3.8,3.8
3017,3.8,3.9
3018,3.8,4
3019,3.8,4
3020,3.8,4.2
3021,3.8,4.2
3022,3.8,4.3
3023,3.8,4.3
3024,3.8,4.4
3025,3.9,4.5
3026,3.9,4.6
3027,3.8,4.6
3028,3.9,4.7
3029,4,4.8
3030,3.9,4.8
3031,3.9,4.8
3032,4,4.9
3033,3.9,4.9
3034,4,5
3035,4,5
3036,4,5.1
3037,4.1,4.6
3038,4,3.9
3039,4,3.3
3040,4,2.9
3041,4,2.5
3042,3.9,2.2
3043,4,2
3044,3.9,1.7
3045,3.9,1.6
3046,3.9,1.9
3047,3.9,2.3
3048,3.9,2.7
3049,3.9,2.9
3050,3.8,3.1
3051,3.9,3.3
3052,3.8,3.4
3053,3.8,3.5
3054,3.8,3.6
3055,3.8,3.8
3056,3.8,3.8
3057,3.8,3.9
3058,3.8,4
3059,3.8,4.2
3060,3.8,4.2
3061,3.8,4.3
3062,3.8,4.3
3063,3.9,4.4
3064,3.8,4.5
3065,3.9,4.6
3066,3.8,4.6
3067,3.9,4.7
3068,3.9,4.7
3069,3.9,4.8
3070,3.9,4.8
3071,4,4.9
3072,4,4.9
3073,3.9,5
3074,4,5.1
3075,4,5.1
3076,4,5
3077,4,4.2
3078,4,3.6
3079,4,3
3080,4,2.7
3081,3.9,2.4
3082,3.9,2.1
3083,3.9,1.8
3084,3.9,1.6
3085,3.9,1.7
3086,3.9,2.1
3087,3.9,2.5
3088,3.9,2.8
3089,3.8,3
3090,3.8,3.2
3091,3.8,3.3
3092,3.8,3.4
3093,3.8,3.6
3094,3.8,3.7
3095,3.8,3.8
3096,3.8,3.9
3097,3.8,4
3098,3.8,4
3099,3.8,4.2
3100,3.8,4.2
3101,3.8,4.3
3102,3.8,4.3
3103,3.8,4.5
3104,3.9,4.6
3105,3.9,4.6
3106,3.9,4.7
3107,3.9,4.7
3108,3.9,4.8
3109,3.9,4.8
3110,3.9,4.8
3111,3.9,4.9
3112,3.9,4.9
3113,4,5
3114,4,5
3115,4,5.1
3116,4,4.5
3117,4,3.8
3118,4,3.3
3119,4,2.9
3120,4,2.6
3121,3.9,2.2
3122,3.9,1.9
3123,3.9,1.7
3124,3.9,1.6
3125,3.9,2
3126,3.9,2.3
3127,3.9,2.7
3128,3.8,2.9
3129,3.8,3.1
3130,3.8,3.2
3131,3.8,3.4
3132,3.8,3.5
3133,3.8,3.6
3134,3.8,3.8
3135,3.8,3.8
3136,3.7,3.9
3137,3.8,4
3138,3.8,4.2
3139,3.8,4.2
3140,3.8,4.3
3141,3.8,4.3
3142,3.9,4.4
3143,3.8,4.4
3144,3.9,4.6
3145,3.8,4.6
3146,3.9,4.7
3147,3.8,4.7
3148,3.9,4.8
3149,3.9,4.8
3150,3.9,4.9
3151,3.9,4.9
3152,4,5
3153,4,5
3154,3.9,5
3155,4,4.7
3156,4,3.9
3157,4,3.4
3158,4,3
3159,4,2.6
3160,3.9,2.3
3161,3.9,2
3162,3.9,1.7
3163,3.9,1.6
3164,3.9,1.9
3165,3.9,2.3
3166,3.8,2.6
3167,3.9,2.9
3168,3.8,3.1
3169,3.8,3.2
3170,3.8,3.4
3171,3.8,3.5
3172,3.8,3.6
3173,3.8,3.7
3174,3.8,3.8
3175,3.7,3.9
3176,3.8,4
3177,3.8,4.1
3178,3.8,4.2
3179,3.8,4.3
3180,3.8,4.3
3181,3.9,4.4
3182,3.8,4.5
3183,3.9,4.6
3184,3.8,4.6
3185,3.9,4.7
3186,3.9,4.7
3187,3.9,4.8
3188,3.9,4.8
3189,4,4.9
3190,3.9,4.9
3191,4,5
3192,4,5.1
3193,3.9,5
3194,4,4.9
3195,4,4
3196,4,3.4
3197,4,3
3198,4,2.7
3199,3.9,2.3
3200,3.9,2.1
3201,3.9,1.8
3202,3.9,1.7
3203,3.8,1.9
3204,3.9,2.3
3205,3.9,2.6
3206,3.9,2.9
3207,3.8,3.1
3208,3.8,3.2
3209,3.8,3.4
3210,3.8,3.5
3211,3.8,3.6
3212,3.8,3.7
3213,3.8,3.9
3214,3.7,3.9
3215,3.8,4
3216,3.8,4.2
3217,3.8,4.2
3218,3.8,4.3
3219,3.8,4.3
3220,3.9,4.4
3221,3.8,4.5
3222,3.9,4.6
3223,3.8,4.6
3224,3.9,4.7
3225,3.9,4.7
3226,3.9,4.8
3227,3.9,4.8
3228,4,4.9
3229,3.9,4.9
3230,4,5
3231,4,5
3232,3.9,5.1
3233,4,5.2
3234,4,5.2
3235,4,5.2
3236,4,5.3
3237,4,5.3
3238,4.1,5.4
3239,4.1,5.4
3240,4.1,4.8
3241,4.1,4.1
3242,4.1,3.5
3243,4.1,3.1
3244,4.1,2.8
3245,4.1,2.5
3246,4.1,2.2
3247,4,1.9
3248,4,1.7
3249,4,1.7
3250,4,2
3251,4,2.4
3252,4,2.8
3253,4,3
3254,3.9,3.2
3255,3.9,3.3
3256,3.9,3.5
3257,3.9,3.6
3258,3.9,3.7
3259,3.8,3.8
3260,3.9,3.9
3261,3.9,4.1
3262,3.9,4.1
3263,3.9,4.2
3264,3.9,4.3
3265,3.9,4.4
3266,4,4.5
3267,3.9,4.5
3268,3.9,4.5
3269,4,4.6
3270,4,4.7
3271,4,4.8
3272,4,4.8
3273,4,4.9
3274,4,4.9
3275,4.1,5
3276,4,5
3277,4,5
3278,4.1,4.8
3279,4.1,4.1
3280,4.1,3.4
3281,4.1,3
3282,4,2.6
3283,4,2.3
3284,4,2
3285,3.9,1.8
3286,3.9,1.6
3287,4,1.9
3288,3.9,2.3
3289,3.9,2.6
3290,3.9,2.9
3291,3.9,3.1
3292,3.8,3.2
3293,3.9,3.4
3294,3.8,3.5
3295,3.8,3.6
3296,3.9,3.8
3297,3.8,3.8
3298,3.9,4
3299,3.8,4
3300,3.8,4.1
3301,3.8,4.2
3302,3.8,4.3
3303,3.8,4.3
3304,3.9,4.4
3305,3.9,4.5
3306,3.9,4.6
3307,3.9,4.6
3308,3.9,4.7
3309,3.9,4.7
3310,4,4.8
3311,3.9,4.8
3312,4,4.9
3313,4,4.9
3314,4,5
3315,4,5
3316,4.1,5.1
3317,4.1,4.4
3318,4.1,3.7
3319,4,3.1
3320,4,2.8
3321,4,2.4
3322,4,2.1
3323,3.9,1.8
3324,3.9,1.6
3325,3.9,1.7
3326,3.9,2.1
3327,3.9,2.5
3328,3.9,2.8
3329,3.9,3
3330,3.8,3.2
3331,3.8,3.3
3332,3.8,3.4
3333,3.8,3.6
3334,3.8,3.7
3335,3.8,3.8
3336,3.8,3.9
3337,3.8,4
3338,3.8,4
3339,3.8,4.2
3340,3.8,4.3
3341,3.8,4.3
3342,3.9,4.4
3343,3.9,4.5
3344,3.9,4.6
3345,3.9,4.6
3346,3.8,4.6
3347,3.9,4.7
3348,3.9,4.8
3349,3.9,4.8
3350,3.9,4.8
3351,4,4.9
3352,3.9,4.9
3353,4,5
3354,4,5
3355,4,5.1
3356,4,4.3
3357,4,3.7
3358,4,3.2
3359,4,2.7
3360,4,2.4
3361,3.9,2.1
3362,3.9,1.8
3363,3.9,1.6
3364,3.9,1.8
3365,3.9,2.2
3366,3.8,2.5
3367,3.8,2.8
3368,3.9,3.1
3369,3.8,3.2
3370,3.9,3.4
3371,3.8,3.5
3372,3.8,3.6
3373,3.8,3.7
3374,3.8,3.8
3375,3.7,3.9
3376,3.8,4
3377,3.8,4.1
3378,3.8,4.2
3379,3.8,4.3
3380,3.8,4.3
3381,3.8,4.4
3382,3.9,4.5
3383,3.9,4.6
3384,3.8,4.6
3385,3.9,4.7
3386,3.9,4.7
3387,3.9,4.8
3388,3.9,4.8
3389,3.9,4.8
3390,4,4.9
3391,3.9,4.9
3392,4,5
3393,3.9,5
3394,4,4.9
3395,4,4.1
3396,4,3.5
3397,4,3
3398,4,2.6
3399,3.9,2.3
3400,3.9,2
3401,3.9,1.7
3402,3.9,1.6
3403,3.9,1.9
3404,3.9,2.3
3405,3.9,2.6
3406,3.9,2.9
3407,3.8,3.1
3408,3.8,3.2
3409,3.8,3.4
3410,3.8,3.5
3411,3.8,3.6
3412,3.8,3.7
3413,3.8,3.8
3414,3.7,3.9
3415,3.7,4
3416,3.8,4.1
3417,3.8,4.2
3418,3.8,4.3
3419,3.8,4.3
3420,3.9,4.4
3421,3.8,4.5
3422,3.9,4.6
3423,3.8,4.6
3424,3.9,4.7
3425,3.9,4.7
3426,3.9,4.8
3427,3.9,4.8
3428,4,4.9
3429,3.9,4.9
3430,4,5
3431,4,5
3432,3.9,5.1
3433,4,4.8
3434,4,4
3435,4,3.4
3436,4,2.9
3437,4,2.5
3438,3.9,2.2
3439,3.9,1.9
3440,3.9,1.7
3441,3.9,1.6
3442,3.9,2
3443,3.9,2.4
3444,3.9,2.7
3445,3.9,2.9
3446,3.8,3.1
3447,3.9,3.3
3448,3.8,3.4
3449,3.8,3.5
3450,3.8,3.7
3451,3.8,3.8
3452,3.8,3.8
3453,3.8,4
3454,3.7,4
3455,3.8,4.1
3456,3.8,4.2
3457,3.8,4.3
3458,3.8,4.3
3459,3.9,4.4
3460,3.9,4.5
3461,3.9,4.6
3462,3.8,4.6
3463,3.9,4.7
3464,3.9,4.7
3465,3.9,4.8
3466,3.9,4.8
3467,3.9,4.8
3468,3.9,4.9
3469,3.9,5
3470,4,5
3471,4,5.1
3472,4,4.8
3473,4,3.9
3474,4,3.4
3475,4,3
3476,4,2.5
3477,3.9,2.2
3478,3.9,1.9
3479,3.9,1.7
3480,3.9,1.6
3481,3.9,1.9
3482,3.9,2.4
3483,3.8,2.7
3484,3.9,2.9
3485,3.8,3.1
3486,3.8,3.2
3487,3.8,3.4
3488,3.8,3.5
3489,3.8,3.7
3490,3.7,3.7
3491,3.8,3.8
3492,3.7,3.9
3493,3.7,4
3494,3.8,4.2
3495,3.8,4.2
3496,3.8,4.3
3497,3.8,4.3
3498,3.9,4.4
3499,3.8,4.5
3500,3.9,4.6
3501,3.8,4.6
3502,3.9,4.7
3503,3.9,4.7
3504,3.9,4.8
3505,3.9,4.8
3506,4,4.9
3507,3.9,4.9
3508,4,5
3509,4,5.1
3510,4,5.1
3511,4,4.8
3512,4,3.9
3513,4,3.3
3514,4,2.9
3515,4,2.5
3516,3.9,2.1
3517,3.9,1.9
3518,3.9,1.7
3519,3.9,1.7
3520,3.9,2
3521,3.9,2.4
3522,3.9,2.7
3523,3.9,3
3524,3.8,3.1
3525,3.8,3.3
3526,3.8,3.4
3527,3.7,3.5
3528,3.8,3.7
3529,3.8,3.8
3530,3.8,3.9
3531,3.8,4
3532,3.7,4
3533,3.8,4.2
3534,3.7,4.2
3535,3.8,4.3
3536,3.8,4.3
3537,3.8,4.4
3538,3.9,4.5
3539,3.9,4.6
3540,3.8,4.6
3541,3.9,4.7
3542,3.9,4.7
3543,3.9,4.8
3544,3.9,4.8
3545,3.9,4.9
3546,3.9,4.9
3547,4,5
3548,4,5
3549,4,5.1
3550,4,4.7
3551,4,3.8
3552,4,3.3
3553,4,2.8
3554,4,2.4
3555,3.9,2.1
3556,3.9,1.8
3557,3.9,1.6
3558,3.9,1.6
3559,3.9,2
3560,3.9,2.4
3561,3.9,2.7
3562,3.8,2.9
3563,3.8,3.1
3564,3.8,3.3
3565,3.8,3.4
3566,3.7,3.5
3567,3.8,3.6
3568,3.8,3.8
3569,3.8,3.8
3570,3.8,4
3571,3.7,4
3572,3.8,4.1
3573,3.8,4.2
3574,3.8,4.3
3575,3.8,4.3
3576,3.8,4.4
3577,3.8,4.5
3578,3.9,4.6
3579,3.8,4.6
3580,3.9,4.7
3581,3.9,4.7
3582,3.9,4.8
3583,3.9,4.8
3584,3.9,4.9
3585,3.9,4.9
3586,4,5
3587,4,5
3588,3.9,5
3589,4,5.2
3590,4,5.2
3591,4.1,5.3
3592,4,5.3
3593,4,5.3
3594,4.1,5.4
3595,4.1,5.4
3596,4.1,5.4
3597,4.1,5.5
3598,4.1,5.5
3599,4.2,5.6
3600,4.2,5.1
3601,4.2,4.2
3602,4.2,3.6
3603,4.2,3.2
3604,4.2,2.8
3605,4.2,2.5
3606,4.1,2.2
3607,4.1,1.9
3608,4.1,1.7
3609,4,1.6
3610,4.1,1.9
3611,4,2.3
3612,4,2.7
3613,4,2.9
3614,3.9,3.1
3615,4,3.4
3616,3.9,3.4
3617,4,3.6
3618,3.9,3.7
3619,3.9,3.8
3620,3.9,3.9
3621,3.9,4
3622,4,4.2
3623,3.9,4.2
3624,3.9,4.2
3625,3.9,4.4
3626,4,4.5
3627,4,4.5
3628,4,4.6
3629,4,4.6
3630,4.1,4.7
3631,4,4.7
3632,4,4.8
3633,4,4.9
3634,4.1,5
3635,4.1,5
3636,4.1,5
3637,4.1,5.1
3638,4.1,4.8
3639,4.1,4
3640,4.1,3.4
3641,4.1,2.9
3642,4.1,2.5
3643,4,2.2
3644,4,1.9
3645,4,1.6
3646,4,1.6
3647,4,2
3648,4,2.4
3649,4,2.7
3650,3.9,2.9
3651,3.9,3.2
3652,3.9,3.3
3653,3.9,3.4
3654,3.9,3.6
3655,3.8,3.7
3656,3.9,3.8
3657,3.8,3.8
3658,3.9,4
3659,3.9,4.1
3660,3.8,4.1
3661,3.9,4.3
3662,3.8,4.3
3663,3.9,4.4
3664,3.9,4.4
3665,3.9,4.5
3666,3.9,4.6
3667,4,4.7
3668,3.9,4.7
3669,4,4.8
3670,4,4.8
3671,3.9,4.8
3672,4,4.9
3673,4.1,5
3674,4,5
3675,4,5
3676,4.1,5
3677,4,4.2
3678,4.1,3.5
3679,4.1,3
3680,4,2.6
3681,4,2.3
3682,4,1.9
3683,4,1.7
3684,3.9,1.6
3685,3.9,1.9
3686,4,2.3
3687,3.9,2.6
3688,3.9,2.9
3689,3.9,3.1
3690,3.9,3.3
3691,3.9,3.4
3692,3.8,3.5
3693,3.8,3.6
3694,3.8,3.7
3695,3.8,3.8
3696,3.8,3.9
3697,3.8,4
3698,3.8,4.2
3699,3.8,4.2
3700,3.8,4.3
3701,3.8,4.3
3702,3.9,4.4
3703,3.9,4.5
3704,3.9,4.6
3705,3.9,4.6
3706,3.9,4.7
3707,3.9,4.7
3708,4,4.8
3709,3.9,4.8
3710,3.9,4.8
3711,4,4.9
3712,4,5
3713,4,5
3714,4,5.1
3715,4.1,4.7
3716,4,3.9
3717,4,3.3
3718,4,2.8
3719,4,2.4
3720,4,2.1
3721,3.9,1.8
3722,3.9,1.5
3723,3.9,1.7
3724,3.9,2.1
3725,3.9,2.5
3726,3.9,2.8
3727,3.9,3
3728,3.8,3.2
3729,3.9,3.3
3730,3.8,3.4
3731,3.8,3.6
3732,3.8,3.7
3733,3.8,3.8
3734,3.8,3.9
3735,3.8,4
3736,3.8,4
3737,3.8,4.2
3738,3.8,4.3
3739,3.8,4.3
3740,3.8,4.3
3741,3.9,4.4
3742,3.9,4.6
3743,3.9,4.6
3744,3.9,4.6
3745,3.9,4.7
3746,3.9,4.7
3747,3.9,4.8
3748,3.9,4.8
3749,4,4.9
3750,3.9,4.9
3751,4,5
3752,4,5
3753,4,5.1
3754,4,4.4
3755,4,3.6
3756,4,3.1
3757,4,2.7
3758,4,2.3
3759,4,2
3760,3.9,1.7
3761,3.9,1.5
3762,3.9,1.8
3763,3.9,2.2
3764,3.8,2.5
3765,3.8,2.8
3766,3.9,3
3767,3.8,3.2
3768,3.8,3.3
3769,3.8,3.4
3770,3.7,3.5
3771,3.8,3.7
3772,3.8,3.8
3773,3.8,3.9
3774,3.8,4
3775,3.8,4.1
3776,3.8,4.2
3777,3.8,4.2
3778,3.8,4.3
3779,3.8,4.3
3780,3.8,4.4
3781,3.9,4.6
3782,3.9,4.6
3783,3.8,4.6
3784,3.9,4.7
3785,3.9,4.8
3786,3.9,4.8
3787,3.9,4.8
3788,3.9,4.9
3789,3.9,4.9
3790,4,5
3791,4,5
3792,4,5.1
3793,4,4.5
3794,4,3.7
3795,4,3.1
3796,4,2.7
3797,3.9,2.4
3798,3.9,2
3799,3.9,1.8
3800,3.9,1.5
3801,3.9,1.7
3802,3.8,2.1
3803,3.9,2.5
3804,3.9,2.8
3805,3.8,3
3806,3.8,3.2
3807,3.8,3.3
3808,3.8,3.4
3809,3.7,3.5
3810,3.7,3.7
3811,3.8,3.8
3812,3.7,3.9
3813,3.8,4
3814,3.7,4
3815,3.8,4.2
3816,3.8,4.3
3817,3.8,4.3
3818,3.8,4.3
3819,3.8,4.4
3820,3.9,4.6
3821,3.9,4.6
3822,3.8,4.6
3823,3.9,4.7
3824,3.9,4.7
3825,3.9,4.8
3826,3.9,4.8
3827,3.9,4.9
3828,3.9,4.9
3829,4,5
3830,4,5.1
3831,3.9,5.1
3832,4,4.5
3833,4,3.7
3834,4,3.1
3835,4,2.7
3836,4,2.3
3837,3.9,2
3838,3.9,1.7
3839,3.9,1.5
3840,3.9,1.8
3841,3.9,2.2
3842,3.8,2.5
3843,3.8,2.8
3844,3.8,3
3845,3.8,3.2
3846,3.8,3.4
3847,3.8,3.5
3848,3.8,3.6
3849,3.7,3.7
3850,3.8,3.8
3851,3.7,3.9
3852,3.8,4
3853,3.7,4
3854,3.8,4.2
3855,3.8,4.3
3856,3.8,4.3
3857,3.8,4.3
3858,3.8,4.4
3859,3.9,4.6
3860,3.8,4.6
3861,3.9,4.7
3862,3.9,4.7
3863,3.9,4.8
3864,3.9,4.8
3865,3.9,4.8
3866,3.9,4.9
3867,3.9,4.9
3868,4,5
3869,4,5
3870,3.9,5.1
3871,4,4.4
3872,4,3.7
3873,4,3.1
3874,4,2.7
3875,4,2.4
3876,3.9,2
3877,3.9,1.7
3878,3.9,1.5
3879,3.9,1.7
3880,3.9,2.1
3881,3.9,2.6
3882,3.9,2.8
3883,3.8,3
3884,3.8,3.2
3885,3.8,3.4
3886,3.8,3.4
3887,3.7,3.5
3888,3.8,3.7
3889,3.8,3.8
3890,3.7,3.9
3891,3.8,4
3892,3.7,4
3893,3.8,4.2
3894,3.8,4.3
3895,3.8,4.3
3896,3.8,4.3
3897,3.8,4.4
3898,3.9,4.6
3899,3.9,4.6
3900,3.8,4.6
3901,3.9,4.7
3902,3.9,4.8
3903,3.9,4.8
3904,3.9,4.8
3905,3.9,4.9
3906,3.9,4.9
3907,4,5
3908,4,5
3909,3.9,5.1
3910,4,4.5
3911,4,3.8
3912,4,3.2
3913,4,2.7
3914,3.9,2.3
3915,3.9,2
3916,3.9,1.7
3917,3.9,1.5
3918,3.9,1.7
3919,3.9,2.1
3920,3.9,2.5
3921,3.9,2.8
3922,3.8,3
3923,3.8,3.2
3924,3.8,3.3
3925,3.8,3.4
3926,3.8,3.6
3927,3.8,3.7
3928,3.8,3.8
3929,3.8,3.9
3930,3.7,3.9
3931,3.7,4
3932,3.8,4.2
3933,3.8,4.2
3934,3.8,4.3
3935,3.8,4.3
3936,3.8,4.4
3937,3.9,4.6
3938,3.8,4.6
3939,3.8,4.6
3940,3.9,4.7
3941,3.9,4.8
3942,3.9,4.8
3943,3.9,4.8
3944,3.9,4.9
3945,3.9,4.9
3946,4,5
3947,4,5
3948,3.9,5
3949,4,5.1
3950,4,5.1
3951,4,5.2
3952,4,5.2
3953,4,5.3
3954,4.1,5.4
3955,4.1,5.4
3956,4.1,5.4
3957,4.1,5.5
3958,4.1,5.5
3959,4.2,5.6
3960,4.2,5.1
3961,4.2,4.2
3962,4.2,3.6
3963,4.2,3.2
3964,4.2,2.8
3965,4.2,2.5
3966,4.1,2.1
3967,4.1,1.9
3968,4.1,1.7
3969,4,1.6
3970,4.1,1.9
3971,4,2.3
3972,4,2.7
3973,4,2.9
3974,4,3.1
3975,4,3.4
3976,4,3.4
3977,4,3.6
3978,3.9,3.7
3979,3.9,3.8
3980,3.9,3.9
3981,3.9,4
3982,3.9,4.1
3983,4,4.2
3984,3.9,4.2
3985,3.9,4.3
3986,4,4.5
3987,4,4.5
3988,4,4.5
3989,4,4.6
3990,4,4.7
3991,4,4.7
3992,4,4.8
3993,4.1,4.9
3994,4,4.9
3995,4.1,5
3996,4.1,5
3997,4,5
3998,4.1,4.9
3999,4.1,4.1
4000,4.1,3.5
4001,4.1,3
4002,4.1,2.6
4003,4,2.2
4004,4,1.9
4005,4,1.7
4006,4,1.6
4007,4,2
4008,4,2.3
4009,3.9,2.7
4010,3.9,2.9
4011,3.9,3.1
4012,3.9,3.3
4013,3.9,3.4
4014,3.9,3.6
4015,3.8,3.6
4016,3.9,3.8
4017,3.8,3.8
4018,3.9,4
4019,3.9,4.1
4020,3.8,4.1
4021,3.9,4.3
4022,3.9,4.3
4023,3.9,4.4
4024,3.9,4.4
4025,4,4.5
4026,3.9,4.6
4027,4,4.7
4028,3.9,4.7
4029,4,4.8
4030,4,4.8
4031,3.9,4.8
4032,4,4.9
4033,4,4.9
4034,4,5
4035,4,5
4036,4.1,5.1
4037,4,4.3
4038,4.1,3.6
4039,4,3.1
4040,4,2.7
4041,4,2.3
4042,4,2
4043,3.9,1.7
4044,3.9,1.6
4045,3.9,1.8
4046,3.9,2.2
4047,3.9,2.6
4048,3.9,2.9
4049,3.9,3.1
4050,3.8,3.2
4051,3.9,3.4
4052,3.8,3.5
4053,3.8,3.6
4054,3.8,3.7
4055,3.8,3.8
4056,3.8,3.9
4057,3.8,4
4058,3.8,4.1
4059,3.8,4.2
4060,3.8,4.3
4061,3.8,4.3
4062,3.9,4.4
4063,3.9,4.5
4064,3.9,4.6
4065,3.9,4.6
4066,3.9,4.7
4067,3.9,4.7
4068,4,4.8
4069,3.9,4.8
4070,3.9,4.8
4071,4,4.9
4072,3.9,4.9
4073,4,5
4074,4,5
4075,4.1,4.8
4076,4,4
4077,4,3.4
4078,4,2.9
4079,4,2.6
4080,3.9,2.2
4081,4,2
4082,3.9,1.7
4083,3.9,1.6
4084,3.9,1.9
4085,3.9,2.3
4086,3.8,2.6
4087,3.8,2.9
4088,3.9,3.1
4089,3.8,3.2
4090,3.8,3.4
4091,3.8,3.5
4092,3.8,3.6
4093,3.8,3.7
4094,3.8,3.8
4095,3.7,3.9
4096,3.8,4
4097,3.8,4.1
4098,3.8,4.2
4099,3.8,4.3
4100,3.8,4.3
4101,3.8,4.3
4102,3.8,4.5
4103,3.9,4.6
4104,3.9,4.6
4105,3.9,4.7
4106,3.9,4.7
4107,3.9,4.8
4108,3.9,4.8
4109,3.9,4.8
4110,4,4.9
4111,3.9,5
4112,4,5
4113,4,5
4114,4,5.1
4115,4,4.3
4116,4,3.6
4117,4,3.1
4118,4,2.7
4119,4,2.4
4120,3.9,2.1
4121,3.9,1.8
4122,3.9,1.6
4123,3.9,1.7
4124,3.9,2.1
4125,3.8,2.4
4126,3.8,2.8
4127,3.9,3
4128,3.8,3.2
4129,3.9,3.3
4130,3.8,3.4
4131,3.8,3.6
4132,3.8,3.7
4133,3.8,3.8
4134,3.8,3.9
4135,3.8,4
4136,3.7,4
4137,3.8,4.2
4138,3.8,4.2
4139,3.8,4.3
4140,3.8,4.3
4141,3.8,4.4
4142,3.9,4.6
4143,3.9,4.6
4144,3.8,4.6
4145,3.9,4.7
4146,3.9,4.7
4147,3.9,4.8
4148,3.9,4.8
4149,4,4.9
4150,3.9,4.9
4151,4,5
4152,4,5
4153,3.9,5.1
4154,4,4.6
4155,4,3.8
4156,4,3.3
4157,4,2.9
4158,4,2.5
4159,3.9,2.2
4160,3.9,2
4161,3.9,1.8
4162,3.9,1.6
4163,3.9,1.9
4164,3.9,2.3
4165,3.9,2.7
4166,3.9,2.9
4167,3.8,3.1
4168,3.9,3.3
4169,3.8,3.4
4170,3.8,3.5
4171,3.8,3.6
4172,3.8,3.8
4173,3.8,3.8
4174,3.7,3.9
4175,3.8,4
4176,3.8,4.1
4177,3.8,4.2
4178,3.8,4.3
4179,3.8,4.3
4180,3.9,4.4
4181,3.8,4.5
4182,3.9,4.6
4183,3.8,4.6
4184,3.8,4.6
4185,3.9,4.7
4186,3.9,4.8
4187,3.9,4.8
4188,3.9,4.8
4189,3.9,4.9
4190,3.9,4.9
4191,4,5
4192,4,5
4193,4,5
4194,4,4.2
4195,4,3.6
4196,4,3.1
4197,4,2.7
4198,3.9,2.4
4199,3.9,2.1
4200,3.9,1.8
4201,3.9,1.7
4202,3.9,1.7
4203,3.9,2.1
4204,3.8,2.4
4205,3.8,2.7
4206,3.9,3
4207,3.8,3.2
4208,3.8,3.3
4209,3.8,3.4
4210,3.7,3.5
4211,3.8,3.7
4212,3.8,3.8
4213,3.8,3.9
4214,3.8,4
4215,3.7,4
4216,3.8,4.2
4217,3.7,4.2
4218,3.8,4.3
4219,3.8,4.3
4220,3.8,4.4
4221,3.9,4.6
4222,3.9,4.6
4223,3.8,4.6
4224,3.9,4.7
4225,3.9,4.7
4226,3.9,4.8
4227,3.9,4.8
4228,3.9,4.8
4229,3.9,4.9
4230,4,5
4231,4,5
4232,3.9,5.1
4233,4,4.7
4234,4,4
4235,4,3.4
4236,4,3
4237,4,2.6
4238,3.9,2.3
4239,3.9,2
4240,3.9,1.8
4241,3.9,1.7
4242,3.9,1.9
4243,3.9,2.2
4244,3.9,2.6
4245,3.9,2.9
4246,3.8,3.1
4247,3.8,3.2
4248,3.8,3.4
4249,3.8,3.5
4250,3.8,3.6
4251,3.8,3.7
4252,3.8,3.8
4253,3.7,3.9
4254,3.8,4
4255,3.8,4.1
4256,3.8,4.2
4257,3.8,4.3
4258,3.8,4.3
4259,3.9,4.4
4260,3.8,4.5
4261,3.9,4.6
4262,3.8,4.6
4263,3.9,4.7
4264,3.9,4.7
4265,3.9,4.8
4266,3.9,4.8
4267,3.9,4.8
4268,3.9,4.9
4269,3.9,5
4270,4,5
4271,4,5
4272,4,5
4273,4,4.2
4274,4,3.6
4275,4,3.1
4276,4,2.7
4277,3.9,2.4
4278,3.9,2.1
4279,3.9,1.9
4280,3.9,1.7
4281,3.9,1.8
4282,3.9,2.2
4283,3.9,2.6
4284,3.9,2.8
4285,3.8,3.1
4286,3.8,3.2
4287,3.8,3.4
4288,3.8,3.5
4289,3.8,3.6
4290,3.8,3.7
4291,3.8,3.8
4292,3.7,3.9
4293,3.8,4
4294,3.8,4.1
4295,3.8,4.2
4296,3.8,4.3
4297,3.8,4.3
4298,3.9,4.4
4299,3.8,4.5
4300,3.9,4.6
4301,3.8,4.6
4302,3.9,4.7
4303,3.9,4.7
4304,3.9,4.8
4305,3.9,4.8
4306,3.9,4.8
4307,3.9,4.9
4308,3.9,5
4309,4,5
4310,4,5
4311,4,5.1
4312,4,5.2
4313,4,5.2
4314,4.1,5.3
4315,4,5.3
4316,4.1,5.4
4317,4.1,5.4
4318,4.1,5.4
4319,4.1,5.4
4320,4.2,5.1
4321,4.1,4.2
4322,4.1,3.7
4323,4.2,3.3
4324,4.1,3
4325,4.1,2.6
4326,4.1,2.4
4327,4,2.1
4328,4,1.9
4329,4,1.7
4330,4,1.8
4331,4,2.1
4332,4,2.5
4333,4,2.9
4334,4,3.1
4335,3.9,3.2
4336,4,3.4
4337,3.9,3.5
4338,3.9,3.7
4339,3.9,3.7
4340,3.9,3.9
4341,3.9,4
4342,3.9,4.1
4343,3.9,4.2
4344,3.9,4.2
4345,3.9,4.3
4346,3.9,4.4
4347,4,4.5
4348,4,4.5
4349,4,4.6
4350,4,4.6
4351,4,4.8
4352,4,4.8
4353,4,4.8
4354,4,4.9
4355,4.1,5
4356,4,5
4357,4,5
4358,4.1,5.1
4359,4.1,4.5
4360,4.1,3.8
4361,4.1,3.3
4362,4.1,2.9
4363,4,2.6
4364,4,2.3
4365,4,2.1
4366,3.9,1.8
4367,3.9,1.7
4368,3.9,1.9
4369,4,2.3
4370,4,2.6
4371,3.9,2.9
4372,3.9,3.1
4373,3.9,3.3
4374,3.9,3.4
4375,3.8,3.5
4376,3.8,3.6
4377,3.8,3.7
4378,3.8,3.8
4379,3.8,3.9
4380,3.8,4
4381,3.9,4.1
4382,3.8,4.2
4383,3.9,4.3
4384,3.8,4.3
4385,3.9,4.4
4386,4,4.6
4387,3.9,4.6
4388,3.9,4.6
4389,3.9,4.7
4390,3.9,4.7
4391,4,4.8
4392,3.9,4.8
4393,4,4.9
4394,4,4.9
4395,4,5
4396,4,5
4397,4,5.1
4398,4.1,4.6
4399,4,3.8
4400,4.1,3.2
4401,4,2.9
4402,4,2.6
4403,4,2.3
4404,4,2
4405,3.9,1.8
4406,3.9,1.7
4407,3.9,1.9
4408,3.9,2.3
4409,3.8,2.6
4410,3.9,2.9
4411,3.9,3.1
4412,3.8,3.2
4413,3.8,3.4
4414,3.8,3.5
4415,3.8,3.6
4416,3.8,3.7
4417,3.8,3.8
4418,3.8,3.9
4419,3.8,4
4420,3.8,4.1
4421,3.8,4.2
4422,3.8,4.3
4423,3.8,4.3
4424,3.9,4.4
4425,3.9,4.5
4426,3.9,4.6
4427,3.9,4.6
4428,3.9,4.7
4429,3.9,4.7
4430,3.9,4.8
4431,3.9,4.8
4432,3.9,4.8
4433,4,4.9
4434,3.9,4.9
4435,4,5
4436,4,5
4437,4,5
4438,4,4.2
4439,4,3.6
4440,4,3.1
4441,4,2.8
4442,4,2.5
4443,3.9,2.2
4444,3.9,1.9
4445,3.9,1.7
4446,3.9,1.7
4447,3.9,2
4448,3.9,2.4
4449,3.9,2.7
4450,3.9,3
4451,3.8,3.2
4452,3.9,3.3
4453,3.8,3.4
4454,3.8,3.5
4455,3.8,3.7
4456,3.8,3.7
4457,3.8,3.8
4458,3.7,3.9
4459,3.8,4
4460,3.8,4.2
4461,3.8,4.2
4462,3.8,4.3
4463,3.8,4.3
4464,3.9,4.5
4465,3.8,4.5
4466,3.9,4.6
4467,3.8,4.6
4468,3.9,4.7
4469,3.9,4.7
4470,3.9,4.8
4471,3.9,4.8
4472,3.9,4.9
4473,3.9,4.9
4474,4,5.1
4475,4,5
4476,3.9,5.1
4477,4.1,4.6
4478,4,3.8
4479,4,3.3
4480,4,2.9
4481,4,2.6
4482,3.9,2.3
4483,3.9,2.1
4484,3.9,1.8
4485,3.9,1.7
4486,3.9,1.9
4487,3.9,2.3
4488,3.9,2.6
4489,3.8,2.9
4490,3.8,3.1
4491,3.8,3.3
4492,3.8,3.4
4493,3.8,3.5
4494,3.8,3.6
4495,3.8,3.8
4496,3.8,3.8
4497,3.7,3.9
4498,3.7,4
4499,3.8,4.1
4500,3.8,4.2
4501,3.8,4.3
4502,3.8,4.3
4503,3.8,4.4
4504,3.8,4.5
4505,3.9,4.6
4506,3.8,4.6
4507,3.9,4.7
4508,3.9,4.7
4509,3.9,4.8
4510,3.9,4.8
4511,3.9,4.8
4512,3.9,4.9
4513,4,5.1
4514,4,5.1
4515,4,5.1
4516,4,4.8
4517,4,4
4518,4,3.4
4519,4,3
4520,4,2.6
4521,3.9,2.3
4522,3.9,2.1
4523,3.9,1.8
4524,3.8,1.7
4525,3.8,1.8
4526,3.9,2.2
4527,3.8,2.6
4528,3.8,2.8
4529,3.8,3.1
4530,3.8,3.2
4531,3.8,3.4
4532,3.8,3.5
4533,3.8,3.7
4534,3.8,3.7
4535,3.8,3.9
4536,3.7,3.9
4537,3.8,4
4538,3.8,4.2
4539,3.8,4.2
4540,3.8,4.3
4541,3.8,4.3
4542,3.8,4.4
4543,3.8,4.5
4544,3.9,4.6
4545,3.8,4.6
4546,3.9,4.7
4547,3.9,4.7
4548,3.9,4.8
4549,3.9,4.8
4550,3.9,4.8
4551,3.9,4.9
4552,3.9,4.9
4553,4,5
4554,3.9,5
4555,4,4.9
4556,4,4
4557,4,3.5
4558,4,3
4559,4,2.7
4560,3.9,2.3
4561,3.9,2.1
4562,3.9,1.8
4563,3.9,1.7
4564,3.8,1.8
4565,3.9,2.2
4566,3.8,2.5
4567,3.8,2.8
4568,3.8,3.1
4569,3.8,3.2
4570,3.8,3.4
4571,3.8,3.5
4572,3.8,3.6
4573,3.7,3.7
4574,3.8,3.8
4575,3.7,3.9
4576,3.8,4
4577,3.7,4.1
4578,3.8,4.2
4579,3.8,4.3
4580,3.8,4.3
4581,3.9,4.4
4582,3.8,4.5
4583,3.9,4.6
4584,3.8,4.6
4585,3.9,4.7
4586,3.8,4.7
4587,3.9,4.8
4588,3.9,4.8
4589,3.9,4.8
4590,3.9,4.9
4591,3.9,5
4592,4,5.1
4593,3.9,5.1
4594,4,4.9
4595,4,4
4596,4,3.5
4597,4,3
4598,4,2.7
4599,3.9,2.4
4600,3.9,2.1
4601,3.9,1.9
4602,3.9,1.6
4603,3.9,1.7
4604,3.9,2.1
4605,3.9,2.5
4606,3.9,2.8
4607,3.8,3
4608,3.8,3.2
4609,3.8,3.4
4610,3.8,3.4
4611,3.8,3.5
4612,3.8,3.7
4613,3.8,3.8
4614,3.7,3.9
4615,3.8,4
4616,3.7,4
4617,3.8,4.2
4618,3.7,4.2
4619,3.8,4.3
4620,3.8,4.3
4621,3.8,4.4
4622,3.9,4.6
4623,3.8,4.6
4624,3.8,4.6
4625,3.9,4.7
4626,3.9,4.8
4627,3.9,4.8
4628,3.9,4.8
4629,3.9,4.9
4630,3.9,4.9
4631,4,5
4632,3.9,5
4633,4,5.1
4634,4,4.3
4635,4,3.6
4636,4,3.1
4637,4,2.7
4638,3.9,2.4
4639,3.9,2.1
4640,3.9,1.9
4641,3.9,1.6
4642,3.8,1.6
4643,3.8,2
4644,3.9,2.4
4645,3.9,2.8
4646,3.8,3
4647,3.8,3.2
4648,3.8,3.3
4649,3.8,3.4
4650,3.7,3.5
4651,3.8,3.7
4652,3.8,3.8
4653,3.7,3.9
4654,3.8,4
4655,3.7,4
4656,3.8,4.2
4657,3.7,4.2
4658,3.8,4.3
4659,3.8,4.3
4660,3.8,4.4
4661,3.9,4.6
4662,3.8,4.6
4663,3.8,4.6
4664,3.9,4.7
4665,3.8,4.7
4666,3.9,4.8
4667,3.9,4.8
4668,3.9,4.9
4669,3.9,4.9
4670,4,5
4671,3.9,5.1
4672,3.9,5.1
4673,4,5.2
4674,4,5.2
4675,4.1,5.3
4676,4,5.3
4677,4,5.3
4678,4.1,5.4
4679,4.1,5.4
4680,4.1,5
4681,4.1,4.2
4682,4.1,3.6
4683,4.1,3.2
4684,4.1,2.8
4685,4.1,2.5
4686,4,2.3
4687,4,2
4688,4,1.8
4689,4,1.6
4690,4,1.8
4691,4,2.2
4692,4,2.6
4693,4,2.9
4694,3.9,3.1
4695,3.9,3.2
4696,3.9,3.4
4697,3.9,3.5
4698,3.9,3.7
4699,3.9,3.7
4700,3.9,3.9
4701,3.8,3.9
4702,3.9,4.1
4703,3.9,4.2
4704,3.9,4.2
4705,3.8,4.3
4706,3.9,4.4
4707,4,4.5
4708,3.9,4.5
4709,3.9,4.6
4710,3.9,4.7
4711,4,4.8
4712,4,4.8
4713,3.9,4.8
4714,4,4.9
4715,4,4.9
4716,4,5
4717,4,5
4718,4.1,5.1
4719,4.1,4.6
4720,4,3.8
4721,4.1,3.3
4722,4.1,2.9
4723,4,2.5
4724,4,2.2
4725,3.9,1.9
4726,3.9,1.7
4727,3.9,1.6
4728,3.9,2
4729,3.9,2.3
4730,3.9,2.7
4731,3.9,2.9
4732,3.8,3.1
4733,3.9,3.3
4734,3.8,3.4
4735,3.9,3.6
4736,3.8,3.6
4737,3.8,3.8
4738,3.8,3.8
4739,3.8,4
4740,3.8,4
4741,3.8,4.2
4742,3.9,4.3
4743,3.8,4.3
4744,3.9,4.4
4745,3.9,4.4
4746,3.9,4.6
4747,3.9,4.6
4748,3.9,4.6
4749,3.9,4.7
4750,4,4.8
4751,3.9,4.8
4752,3.9,4.8
4753,4,4.9
4754,4,5
4755,4,5
4756,4,5.1
4757,4.1,4.9
4758,4,4.1
4759,4,3.5
4760,4,3
4761,4,2.6
4762,4,2.3
4763,3.9,2
4764,3.9,1.8
4765,3.9,1.6
4766,3.9,1.8
4767,3.9,2.2
4768,3.9,2.6
4769,3.9,2.9
4770,3.8,3.1
4771,3.9,3.3
4772,3.8,3.4
4773,3.8,3.5
4774,3.8,3.6
4775,3.8,3.8
4776,3.8,3.8
4777,3.8,3.9
4778,3.8,4
4779,3.8,4.2
4780,3.8,4.2
4781,3.8,4.3
4782,3.8,4.3
4783,3.9,4.4
4784,3.9,4.5
4785,3.9,4.6
4786,3.9,4.6
4787,3.9,4.7
4788,3.9,4.7
4789,3.9,4.8
4790,3.9,4.8
4791,4,4.9
4792,3.9,4.9
4793,4,5
4794,4,5
4795,4,5.1
4796,4,4.5
4797,4,3.7
4798,4,3.2
4799,4,2.8
4800,4,2.4
4801,3.9,2.1
4802,3.9,1.8
4803,3.9,1.6
4804,3.9,1.7
4805,3.8,2.2
4806,3.9,2.6
4807,3.9,2.8
4808,3.8,3
4809,3.8,3.2
4810,3.8,3.4
4811,3.8,3.5
4812,3.8,3.6
4813,3.8,3.7
4814,3.8,3.8
4815,3.7,3.9
4816,3.8,4
4817,3.8,4.2
4818,3.8,4.2
4819,3.8,4.3
4820,3.8,4.3
4821,3.9,4.4
4822,3.8,4.5
4823,3.9,4.6
4824,3.8,4.6
4825,3.9,4.7
4826,3.9,4.7
4827,3.9,4.8
4828,3.9,4.8
4829,3.9,4.8
4830,3.9,4.9
4831,4,5
4832,4,5
4833,3.9,5.1
4834,4,4.4
4835,4,3.7
4836,4,3.1
4837,4,2.7
4838,3.9,2.4
4839,3.9,2.1
4840,3.9,1.8
4841,3.9,1.6
4842,3.8,1.6
4843,3.9,2.1
4844,3.9,2.5
4845,3.9,2.8
4846,3.8,3
4847,3.8,3.2
4848,3.8,3.3
4849,3.8,3.4
4850,3.7,3.5
4851,3.7,3.7
4852,3.8,3.8
4853,3.7,3.9
4854,3.8,4
4855,3.8,4
4856,3.8,4.2
4857,3.8,4.3
4858,3.8,4.3
4859,3.8,4.3
4860,3.8,4.4
4861,3.9,4.5
4862,3.8,4.6
4863,3.8,4.6
4864,3.9,4.7
4865,3.8,4.7
4866,3.9,4.8
4867,3.9,4.8
4868,3.9,4.9
4869,3.9,4.9
4870,4,5
4871,3.9,5
4872,4,5.1
4873,4,4.4
4874,4,3.6
4875,4,3.1
4876,4,2.7
4877,3.9,2.4
4878,3.9,2.1
4879,3.9,1.8
4880,3.9,1.5
4881,3.8,1.7
4882,3.9,2.1
4883,3.9,2.4
4884,3.8,2.7
4885,3.8,2.9
4886,3.8,3.2
4887,3.8,3.3
4888,3.8,3.4
4889,3.7,3.5
4890,3.8,3.6
4891,3.8,3.8
4892,3.7,3.8
4893,3.8,4
4894,3.7,4
4895,3.8,4.2
4896,3.8,4.3
4897,3.8,4.3
4898,3.8,4.3
4899,3.8,4.4
4900,3.9,4.6
4901,3.8,4.6
4902,3.8,4.6
4903,3.9,4.7
4904,3.8,4.7
4905,3.9,4.8
4906,3.9,4.8
4907,3.9,4.9
4908,3.9,4.9
4909,4,5
4910,3.9,5.1
4911,3.9,5
4912,3.9,4.3
4913,4,3.6
4914,4,3.1
4915,4,2.7
4916,3.9,2.4
4917,3.9,2.1
4918,3.9,1.7
4919,3.8,1.6
4920,3.9,1.7
4921,3.9,2.1
4922,3.8,2.4
4923,3.9,2.8
4924,3.8,3
4925,3.8,3.2
4926,3.8,3.4
4927,3.8,3.4
4928,3.7,3.6
4929,3.8,3.7
4930,3.8,3.8
4931,3.7,3.9
4932,3.8,4
4933,3.7,4.1
4934,3.8,4.2
4935,3.7,4.2
4936,3.8,4.3
4937,3.8,4.3
4938,3.8,4.4
4939,3.8,4.5
4940,3.8,4.6
4941,3.8,4.6
4942,3.9,4.7
4943,3.8,4.7
4944,3.9,4.8
4945,3.9,4.8
4946,3.9,4.9
4947,3.9,4.9
4948,4,5
4949,3.9,5.1
4950,4,5
4951,4,4.2
4952,4,3.6
4953,4,3
4954,4,2.7
4955,3.9,2.3
4956,3.9,2
4957,3.9,1.8
4958,3.9,1.6
4959,3.8,1.8
4960,3.9,2.2
4961,3.8,2.5
4962,3.8,2.8
4963,3.8,3.1
4964,3.8,3.2
4965,3.8,3.4
4966,3.8,3.5
4967,3.8,3.6
4968,3.7,3.7
4969,3.8,3.8
4970,3.7,3.9
4971,3.8,4
4972,3.7,4.1
4973,3.8,4.2
4974,3.7,4.2
4975,3.8,4.3
4976,3.9,4.4
4977,3.8,4.5
4978,3.9,4.6
4979,3.8,4.6
4980,3.9,4.7
4981,3.9,4.7
4982,3.8,4.7
4983,3.9,4.8
4984,3.9,4.8
4985,3.9,4.9
4986,3.9,5
4987,4,5
4988,3.9,5.1
4989,4,4.9
4990,4,4.1
4991,4,3.5
4992,4,3
4993,4,2.6
4994,3.9,2.2
4995,3.9,2
4996,3.9,1.7
4997,3.8,1.6
4998,3.9,1.9
4999,3.9,2.3
5000,3.9,2.6
5001,3.8,2.9
5002,3.8,3.1
5003,3.8,3.2
5004,3.8,3.4
5005,3.7,3.5
5006,3.8,3.6
5007,3.8,3.8
5008,3.8,3.8
5009,3.7,3.9
5010,3.7,4
5011,3.7,4.1
5012,3.7,4.2
5013,3.8,4.3
5014,3.8,4.3
5015,3.8,4.4
5016,3.9,4.6
5017,3.8,4.6
5018,3.8,4.6
5019,3.9,4.7
5020,3.8,4.7
5021,3.9,4.8
5022,3.9,4.8
5023,3.9,4.8
5024,3.9,4.9
5025,4,5
5026,3.9,5
5027,3.9,5.1
5028,4,5.2
5029,4,5.2
5030,4,5.2
5031,4,5.3
5032,4,5.3
5033,4.1,5.4
5034,4.1,5.4
5035,4,5.4
5036,4.1,5.5
5037,4.1,5.5
5038,4.2,5.6
5039,4.2,5.6
5040,4.2,5.1
5041,4.2,4.3
5042,4.2,3.7
5043,4.2,3.2
5044,4.2,2.8
5045,4.2,2.6
5046,4.2,2.3
5047,4.1,2
5048,4.1,1.8
5049,4.1,1.6
5050,4.1,1.8
5051,4.1,2.2
5052,4,2.5
5053,4,2.8
5054,4.1,3
5055,4,3.3
5056,4,3.4
5057,4,3.5
5058,3.9,3.6
5059,4,3.8
5060,3.9,3.9
5061,4,4
5062,4,4.2
5063,4,4.2
5064,3.9,4.2
5065,3.9,4.3
5066,4,4.5
5067,4,4.5
5068,4,4.5
5069,4,4.6
5070,4.1,4.7
5071,4,4.8
5072,4,4.8
5073,4.1,4.9
5074,4,4.9
5075,4.1,5
5076,4.1,5
5077,4,5
5078,4.1,4.8
5079,4.1,4
5080,4.1,3.4
5081,4.1,2.9
5082,4.1,2.6
5083,4.1,2.3
5084,4,1.9
5085,4,1.7
5086,4,1.6
5087,4,1.8
5088,4,2.2
5089,4,2.6
5090,3.9,2.8
5091,3.9,3
5092,3.9,3.3
5093,3.9,3.4
5094,3.8,3.5
5095,3.8,3.6
5096,3.9,3.8
5097,3.8,3.8
5098,3.9,4
5099,3.8,4
5100,3.9,4.1
5101,3.9,4.3
5102,3.9,4.3
5103,3.8,4.3
5104,3.9,4.4
5105,4,4.5
5106,3.9,4.6
5107,3.9,4.6
5108,3.9,4.7
5109,4,4.8
5110,4,4.8
5111,3.9,4.8
5112,4,4.9
5113,4,4.9
5114,4,5
5115,4,5
5116,4.1,5.1
5117,4.1,4.4
5118,4.1,3.7
5119,4.1,3.1
5120,4.1,2.8
5121,4,2.4
5122,4,2.1
5123,4,1.8
5124,3.9,1.6
5125,3.9,1.8
5126,3.9,2.2
5127,3.9,2.6
5128,3.9,2.8
5129,3.9,3
5130,3.9,3.3
5131,3.9,3.4
5132,3.8,3.5
5133,3.8,3.6
5134,3.8,3.7
5135,3.8,3.8
5136,3.8,3.9
5137,3.8,4
5138,3.8,4.1
5139,3.8,4.2
5140,3.8,4.3
5141,3.8,4.3
5142,3.9,4.4
5143,3.9,4.5
5144,3.9,4.6
5145,3.9,4.6
5146,3.9,4.7
5147,3.9,4.7
5148,3.9,4.8
5149,3.9,4.8
5150,4,4.9
5151,4,4.9
5152,4,5
5153,4,5
5154,4,5
5155,4,4.2
5156,4,3.6
5157,4,3.1
5158,4,2.7
5159,4,2.3
5160,3.9,2
5161,3.9,1.8
5162,3.9,1.6
5163,3.9,1.8
5164,3.9,2.2
5165,3.9,2.6
5166,3.9,2.9
5167,3.8,3.1
5168,3.8,3.2
5169,3.8,3.4
5170,3.8,3.5
5171,3.8,3.6
5172,3.8,3.8
5173,3.8,3.8
5174,3.8,3.9
5175,3.8,4
5176,3.8,4.2
5177,3.8,4.2
5178,3.8,4.3
5179,3.8,4.3
5180,3.9,4.4
5181,3.9,4.6
5182,3.9,4.6
5183,3.8,4.6
5184,3.9,4.7
5185,3.9,4.7
5186,3.9,4.8
5187,3.9,4.8
5188,4,4.9
5189,3.9,4.9
5190,4,5
5191,4,5
5192,4,5.1
5193,4,4.4
5194,4,3.7
5195,4,3.1
5196,4,2.8
5197,3.9,2.4
5198,3.9,2.1
5199,3.9,1.8
5200,3.9,1.6
5201,3.9,1.7
5202,3.9,2.1
5203,3.9,2.5
5204,3.9,2.8
5205,3.9,3
5206,3.8,3.2
5207,3.8,3.4
5208,3.8,3.4
5209,3.8,3.6
5210,3.8,3.7
5211,3.8,3.8
5212,3.7,3.9
5213,3.8,4
5214,3.8,4.1
5215,3.8,4.2
5216,3.8,4.3
5217,3.8,4.3
5218,3.8,4.3
5219,3.8,4.4
5220,3.9,4.6
5221,3.8,4.6
5222,3.9,4.7
5223,3.9,4.7
5224,3.9,4.8
5225,3.9,4.8
5226,3.9,4.8
5227,3.9,4.9
5228,3.9,5
5229,4,5
5230,3.9,5
5231,4,4.9
5232,4,4
5233,4,3.5
5234,4,3
5235,4,2.6
5236,3.9,2.2
5237,3.9,2
5238,3.9,1.7
5239,3.9,1.5
5240,3.8,1.8
5241,3.9,2.2
5242,3.8,2.5
5243,3.8,2.8
5244,3.8,3
5245,3.8,3.2
5246,3.8,3.4
5247,3.8,3.4
5248,3.7,3.6
5249,3.8,3.7
5250,3.8,3.8
5251,3.7,3.9
5252,3.8,4
5253,3.7,4
5254,3.8,4.2
5255,3.8,4.3
5256,3.8,4.3
5257,3.8,4.3
5258,3.8,4.4
5259,3.9,4.6
5260,3.8,4.6
5261,3.8,4.6
5262,3.9,4.7
5263,3.9,4.8
5264,3.9,4.8
5265,3.9,4.8
5266,3.9,4.9
5267,3.9,4.9
5268,4,5
5269,3.9,5.1
5270,3.9,5
5271,3.9,4.3
5272,4,3.6
5273,4,3.1
5274,4,2.7
5275,3.9,2.4
5276,3.9,2.1
5277,3.9,1.8
5278,3.9,1.5
5279,3.9,1.7
5280,3.9,2.1
5281,3.9,2.5
5282,3.8,2.8
5283,3.8,3
5284,3.8,3.2
5285,3.8,3.3
5286,3.8,3.4
5287,3.7,3.5
5288,3.8,3.7
5289,3.8,3.8
5290,3.7,3.9
5291,3.7,3.9
5292,3.7,4
5293,3.8,4.2
5294,3.7,4.2
5295,3.8,4.3
5296,3.8,4.3
5297,3.8,4.4
5298,3.8,4.5
5299,3.8,4.6
5300,3.8,4.6
5301,3.9,4.7
5302,3.8,4.7
5303,3.9,4.8
5304,3.9,4.8
5305,3.9,4.9
5306,3.9,4.9
5307,4,5
5308,3.9,5.1
5309,3.9,5.1
5310,4,4.5
5311,4,3.8
5312,4,3.2
5313,4,2.8
5314,3.9,2.4
5315,3.9,2.1
5316,3.9,1.9
5317,3.8,1.6
5318,3.8,1.6
5319,3.9,2
5320,3.8,2.3
5321,3.8,2.6
5322,3.8,2.9
5323,3.8,3.1
5324,3.8,3.2
5325,3.8,3.4
5326,3.7,3.5
5327,3.8,3.7
5328,3.7,3.7
5329,3.8,3.9
5330,3.7,3.9
5331,3.7,4
5332,3.8,4.2
5333,3.7,4.2
5334,3.8,4.3
5335,3.8,4.3
5336,3.8,4.4
5337,3.8,4.5
5338,3.9,4.6
5339,3.8,4.6
5340,3.9,4.7
5341,3.8,4.7
5342,3.9,4.8
5343,3.9,4.8
5344,3.9,4.8
5345,3.9,4.9
5346,4,5
5347,4,5.1
5348,3.9,5.1
5349,4,4.9
5350,4,4
5351,4,3.4
5352,4,3
5353,4,2.5
5354,3.9,2.2
5355,3.9,2
5356,3.9,1.7
5357,3.8,1.6
5358,3.8,1.8
5359,3.9,2.3
5360,3.8,2.5
5361,3.8,2.8
5362,3.8,3.1
5363,3.8,3.2
5364,3.8,3.4
5365,3.8,3.5
5366,3.8,3.6
5367,3.7,3.7
5368,3.8,3.9
5369,3.7,3.9
5370,3.8,4
5371,3.7,4.1
5372,3.8,4.2
5373,3.8,4.3
5374,3.8,4.3
5375,3.8,4.3
5376,3.8,4.4
5377,3.9,4.6
5378,3.8,4.6
5379,3.9,4.7
5380,3.9,4.7
5381,3.8,4.7
5382,3.9,4.8
5383,3.8,4.8
5384,3.9,4.9
5385,3.9,4.9
5386,4,5
5387,3.9,5.1
5388,3.9,5.1
5389,4,5.2
5390,4,5.2
5391,4,5.3
5392,4,5.3
5393,4,5.3
5394,4.1,5.4
5395,4.1,5.4
5396,4.1,5.4
5397,4.1,5.5
5398,4.1,5.5
5399,4.2,5.6
5400,4.2,5.1
5401,4.2,4.3
5402,4.2,3.7
5403,4.2,3.3
5404,4.2,2.9
5405,4.2,2.6
5406,4.2,2.4
5407,4.1,2.1
5408,4.1,1.9
5409,4,1.6
5410,4.1,1.6
5411,4,1.9
5412,4,2.4
5413,4,2.7
5414,4,2.9
5415,4,3.1
5416,3.9,3.3
5417,4,3.4
5418,3.9,3.6
5419,3.9,3.7
5420,3.9,3.8
5421,3.9,3.9
5422,4,4
5423,3.9,4.1
5424,3.9,4.2
5425,3.9,4.2
5426,3.9,4.4
5427,3.9,4.4
5428,4,4.5
5429,4,4.5
5430,4,4.6
5431,4,4.7
5432,4,4.8
5433,4,4.8
5434,4,4.9
5435,4,4.9
5436,4.1,5
5437,4,5
5438,4.1,5.1
5439,4.1,5
5440,4.1,4.3
5441,4.1,3.6
5442,4.1,3.1
5443,4.1,2.8
5444,4,2.5
5445,4,2.2
5446,4,1.9
5447,4,1.7
5448,4,1.5
5449,4,1.7
5450,3.9,2.1
5451,3.9,2.5
5452,3.9,2.7
5453,3.9,3
5454,3.9,3.2
5455,3.9,3.3
5456,3.9,3.5
5457,3.8,3.5
5458,3.8,3.7
5459,3.8,3.7
5460,3.8,3.9
5461,3.8,3.9
5462,3.8,4
5463,3.8,4.2
5464,3.8,4.2
5465,3.8,4.3
5466,3.8,4.3
5467,3.9,4.4
5468,3.9,4.6
5469,3.9,4.6
5470,3.9,4.6
5471,3.9,4.7
5472,4,4.8
5473,3.9,4.8
5474,3.9,4.8
5475,4,4.9
5476,4,4.9
5477,4,5.1
5478,4,5.1
5479,4,5.1
5480,4.1,5
5481,4,4.2
5482,4.1,3.7
5483,4,3.1
5484,4,2.8
5485,4,2.5
5486,4,2.2
5487,4,1.9
5488,3.9,1.7
5489,3.9,1.6
5490,3.9,1.7
5491,3.9,2
5492,3.9,2.4
5493,3.9,2.7
5494,3.8,2.9
5495,3.8,3.1
5496,3.8,3.2
5497,3.9,3.4
5498,3.8,3.5
5499,3.7,3.6
5500,3.8,3.7
5501,3.8,3.9
5502,3.7,3.9
5503,3.8,4
5504,3.8,4.1
5505,3.8,4.2
5506,3.8,4.3
5507,3.8,4.3
5508,3.8,4.3
5509,3.8,4.5
5510,3.9,4.6
5511,3.8,4.6
5512,3.8,4.6
5513,3.9,4.7
5514,3.9,4.7
5515,3.9,4.8
5516,3.9,4.8
5517,3.9,4.9
5518,3.9,5
5519,4,5.1
5520,4,5.1
5521,4,5.1
5522,4,4.9
5523,4,4.1
5524,4,3.6
5525,4,3.1
5526,4,2.7
5527,4,2.4
5528,3.9,2.1
5529,3.9,1.9
5530,3.9,1.7
5531,3.9,1.6
5532,3.9,1.7
5533,3.8,2.1
5534,3.9,2.5
5535,3.8,2.7
5536,3.8,2.9
5537,3.8,3.1
5538,3.8,3.3
5539,3.8,3.5
5540,3.7,3.5
5541,3.7,3.6
5542,3.7,3.7
5543,3.8,3.9
5544,3.7,3.9
5545,3.8,4
5546,3.7,4.1
5547,3.7,4.2
5548,3.8,4.3
5549,3.8,4.3
5550,3.8,4.4
5551,3.8,4.5
5552,3.9,4.6
5553,3.8,4.6
5554,3.9,4.7
5555,3.8,4.7
5556,3.9,4.8
5557,3.9,4.8
5558,3.9,4.8
5559,3.9,4.9
5560,3.9,4.9
5561,4,5
5562,3.9,5
5563,3.9,5.1
5564,4,4.8
5565,4,4.1
5566,4,3.5
5567,4,3
5568,4,2.7
5569,3.9,2.4
5570,3.9,2.1
5571,3.9,1.9
5572,3.9,1.7
5573,3.8,1.8
5574,3.9,2.2
5575,3.9,2.5
5576,3.8,2.8
5577,3.8,3
5578,3.9,3.3
5579,3.8,3.3
5580,3.7,3.4
5581,3.8,3.6
5582,3.7,3.7
5583,3.8,3.8
5584,3.7,3.9
5585,3.8,4
5586,3.8,4.1
5587,3.7,4.2
5588,3.8,4.3
5589,3.8,4.3
5590,3.9,4.4
5591,3.8,4.5
5592,3.9,4.6
5593,3.8,4.6
5594,3.9,4.7
5595,3.8,4.7
5596,3.9,4.8
5597,3.9,4.8
5598,3.9,4.9
5599,3.9,4.9
5600,3.9,5
5601,4,5.1
5602,3.9,5
5603,3.9,4.3
5604,4,3.7
5605,4,3.2
5606,4,2.8
5607,3.9,2.5
5608,3.9,2.2
5609,3.9,2
5610,3.9,1.7
5611,3.9,1.7
5612,3.8,2.1
5613,3.9,2.5
5614,3.9,2.8
5615,3.8,3
5616,3.8,3.2
5617,3.8,3.3
5618,3.8,3.4
5619,3.7,3.5
5620,3.7,3.7
5621,3.8,3.8
5622,3.7,3.9
5623,3.8,4
5624,3.7,4
5625,3.8,4.2
5626,3.8,4.3
5627,3.8,4.3
5628,3.8,4.4
5629,3.8,4.5
5630,3.9,4.6
5631,3.8,4.6
5632,3.9,4.7
5633,3.9,4.7
5634,3.9,4.8
5635,3.9,4.8
5636,3.9,4.8
5637,3.9,4.9
5638,3.9,5
5639,4,5
5640,3.9,5.1
5641,4,4.6
5642,4,3.9
5643,4,3.4
5644,4,3
5645,4,2.6
5646,3.9,2.3
5647,3.9,2.1
5648,3.9,1.8
5649,3.8,1.7
5650,3.9,1.9
5651,3.8,2.3
5652,3.9,2.7
5653,3.8,2.9
5654,3.8,3.1
5655,3.8,3.2
5656,3.8,3.4
5657,3.7,3.5
5658,3.8,3.7
5659,3.7,3.7
5660,3.7,3.9
5661,3.7,3.9
5662,3.7,4
5663,3.8,4.2
5664,3.7,4.2
5665,3.8,4.3
5666,3.8,4.3
5667,3.8,4.4
5668,3.9,4.6
5669,3.8,4.6
5670,3.8,4.6
5671,3.9,4.7
5672,3.8,4.7
5673,3.9,4.8
5674,3.9,4.8
5675,3.9,4.9
5676,3.9,4.9
5677,4,5.1
5678,4,5
5679,3.9,5
5680,4,4.3
5681,4,3.7
5682,4,3.2
5683,4,2.9
5684,3.9,2.6
5685,3.9,2.3
5686,3.9,2
5687,3.9,1.8
5688,3.9,1.7
5689,3.8,2.1
5690,3.9,2.4
5691,3.8,2.8
5692,3.8,3
5693,3.8,3.2
5694,3.8,3.3
5695,3.8,3.4
5696,3.8,3.6
5697,3.7,3.7
5698,3.8,3.8
5699,3.7,3.9
5700,3.8,4
5701,3.8,4.1
5702,3.8,4.2
5703,3.8,4.3
5704,3.8,4.3
5705,3.9,4.4
5706,3.8,4.4
5707,3.9,4.6
5708,3.8,4.6
5709,3.9,4.7
5710,3.9,4.7
5711,3.9,4.8
5712,3.9,4.8
5713,3.9,4.8
5714,3.9,4.9
5715,3.9,5
5716,4,5
5717,3.9,5.1
5718,3.9,4.7
5719,4,3.9
5720,4,3.4
5721,4,3
5722,4,2.7
5723,3.9,2.3
5724,3.9,2.1
5725,3.9,1.9
5726,3.9,1.7
5727,3.9,1.8
5728,3.8,2.2
5729,3.9,2.6
5730,3.8,2.9
5731,3.8,3.1
5732,3.9,3.3
5733,3.8,3.4
5734,3.7,3.5
5735,3.8,3.6
5736,3.7,3.7
5737,3.8,3.8
5738,3.7,3.9
5739,3.8,4
5740,3.8,4.1
5741,3.7,4.2
5742,3.8,4.3
5743,3.8,4.3
5744,3.8,4.4
5745,3.8,4.5
5746,3.9,4.6
5747,3.8,4.6
5748,3.9,4.7
5749,3.8,4.7
5750,3.9,4.8
5751,3.9,4.8
5752,3.9,4.9
5753,3.9,4.9
5754,4,5
5755,4,5
5756,3.9,5.1
5757,4,5.1
5758,4,5.2
5759,4.1,5.3
5760,4,4.9
5761,4,4.1
5762,4,3.6
5763,4.1,3.2
5764,4,2.8
5765,4,2.6
5766,3.9,2.3
5767,3.9,2.1
5768,3.9,1.8
5769,3.9,1.7
5770,3.9,2
5771,4,2.4
5772,3.9,2.7
5773,3.9,3
5774,3.9,3.2
5775,3.8,3.3
5776,3.8,3.4
5777,3.8,3.6
5778,3.8,3.7
5779,3.8,3.8
5780,3.8,3.9
5781,3.8,4
5782,3.8,4.1
5783,3.8,4.1
5784,3.8,4.3
5785,3.8,4.3
5786,3.9,4.4
5787,3.9,4.5
5788,3.9,4.5
5789,3.9,4.6
5790,3.9,4.7
5791,3.9,4.7
5792,3.9,4.8
5793,3.9,4.8
5794,4,4.9
5795,3.9,4.9
5796,4,5
5797,4,5
5798,4,5.1
5799,4,4.4
5800,4,3.7
5801,4,3.3
5802,4,2.9
5803,4,2.6
5804,3.9,2.3
5805,3.9,2.1
5806,3.9,1.9
5807,3.9,1.8
5808,3.9,2.1
5809,3.9,2.4
5810,3.9,2.8
5811,3.9,3
5812,3.8,3.2
5813,3.8,3.3
5814,3.8,3.5
5815,3.8,3.6
5816,3.8,3.7
5817,3.8,3.8
5818,3.8,3.9
5819,3.8,4
5820,3.8,4.1
5821,3.8,4.2
5822,3.8,4.3
5823,3.8,4.3
5824,3.9,4.4
5825,3.9,4.6
5826,3.9,4.6
5827,3.9,4.6
5828,3.9,4.7
5829,3.9,4.7
5830,3.9,4.8
5831,3.9,4.8
5832,4,4.9
5833,3.9,4.9
5834,4,5
5835,4,5
5836,4,5
5837,4,4.3
5838,4,3.8
5839,4,3.2
5840,4,2.9
5841,4,2.6
5842,3.9,2.4
5843,3.9,2.1
5844,3.9,1.8
5845,3.9,1.8
5846,3.9,2.1
5847,3.9,2.4
5848,3.9,2.7
5849,3.8,3
5850,3.8,3.2
5851,3.8,3.3
5852,3.8,3.4
5853,3.8,3.6
5854,3.8,3.7
5855,3.8,3.8
5856,3.8,3.9
5857,3.8,4
5858,3.8,4.1
5859,3.8,4.2
5860,3.8,4.3
5861,3.8,4.3
5862,3.9,4.4
5863,3.8,4.5
5864,3.9,4.6
5865,3.8,4.6
5866,3.9,4.7
5867,3.9,4.7
5868,3.9,4.8
5869,3.9,4.8
5870,3.9,4.8
5871,3.9,4.9
5872,3.9,4.9
5873,4,5
5874,4,5.1
5875,4,4.8
5876,4,4
5877,4,3.5
5878,4,3
5879,4,2.7
5880,4,2.4
5881,3.9,2.2
5882,3.9,1.9
5883,3.9,1.8
5884,3.9,1.8
5885,3.9,2.2
5886,3.9,2.5
5887,3.9,2.8
5888,3.8,3
5889,3.9,3.3
5890,3.8,3.4
5891,3.8,3.5
5892,3.8,3.6
5893,3.8,3.7
5894,3.8,3.8
5895,3.7,3.9
5896,3.8,4
5897,3.8,4.1
5898,3.8,4.2
5899,3.8,4.3
5900,3.8,4.3
5901,3.9,4.4
5902,3.8,4.5
5903,3.9,4.6
5904,3.8,4.6
5905,3.9,4.7
5906,3.9,4.7
5907,3.9,4.8
5908,3.9,4.8
5909,4,4.9
5910,3.9,4.9
5911,4,5
5912,4,5
5913,3.9,5
5914,4,4.5
5915,4,3.8
5916,4,3.3
5917,4,3
5918,4,2.6
5919,3.9,2.3
5920,3.9,2.1
5921,3.9,1.9
5922,3.8,1.8
5923,3.9,2
5924,3.8,2.3
5925,3.9,2.7
5926,3.8,2.9
5927,3.8,3.1
5928,3.8,3.3
5929,3.8,3.4
5930,3.8,3.6
5931,3.8,3.7
5932,3.8,3.8
5933,3.8,3.9
5934,3.8,4
5935,3.8,4
5936,3.8,4.2
5937,3.8,4.3
5938,3.8,4.3
5939,3.8,4.3
5940,3.8,4.5
5941,3.9,4.6
5942,3.9,4.6
5943,3.8,4.6
5944,3.9,4.7
5945,3.9,4.7
5946,3.9,4.8
5947,3.9,4.8
5948,3.9,4.9
5949,3.9,5
5950,4,5
5951,4,5
5952,4,4.9
5953,4,4.1
5954,4,3.5
5955,4,3.1
5956,4,2.8
5957,4,2.5
5958,3.9,2.2
5959,3.9,2
5960,3.9,1.8
5961,3.8,1.8
5962,3.8,2.1
5963,3.8,2.5
5964,3.8,2.8
5965,3.8,3
5966,3.9,3.3
5967,3.8,3.3
5968,3.8,3.4
5969,3.8,3.6
5970,3.8,3.7
5971,3.8,3.8
5972,3.7,3.9
5973,3.8,4
5974,3.8,4.1
5975,3.8,4.2
5976,3.8,4.3
5977,3.8,4.3
5978,3.9,4.4
5979,3.9,4.5
5980,3.9,4.6
5981,3.8,4.6
5982,3.9,4.7
5983,3.9,4.7
5984,3.9,4.8
5985,3.9,4.8
5986,3.9,4.9
5987,3.9,4.9
5988,4,5
5989,4,5.1
5990,3.9,5.1
5991,4,4.5
5992,4,3.8
5993,4,3.3
5994,4,3
5995,4,2.6
5996,3.9,2.3
5997,3.9,2.1
5998,3.9,1.8
5999,3.9,1.8
6000,3.9,2
6001,3.9,2.3
6002,3.9,2.7
6003,3.8,2.9
6004,3.8,3.1
6005,3.8,3.3
6006,3.8,3.4
6007,3.7,3.5
6008,3.8,3.7
6009,3.8,3.8
6010,3.8,3.9
6011,3.8,4
6012,3.7,4
6013,3.8,4.2
6014,3.8,4.2
6015,3.8,4.3
6016,3.8,4.3
6017,3.8,4.4
6018,3.9,4.6
6019,3.8,4.6
6020,3.9,4.7
6021,3.9,4.7
6022,3.9,4.8
6023,3.9,4.8
6024,3.9,4.8
6025,3.9,4.9
6026,3.9,4.9
6027,4,5
6028,3.9,5
6029,4,4.9
6030,4,4.1
6031,4,3.6
6032,4,3.1
6033,4,2.8
6034,3.9,2.5
6035,3.9,2.2
6036,3.9,2
6037,3.9,1.7
6038,3.9,1.8
6039,3.9,2.1
6040,3.9,2.5
6041,3.9,2.8
6042,3.8,3
6043,3.8,3.2
6044,3.8,3.4
6045,3.8,3.4
6046,3.8,3.6
6047,3.8,3.7
6048,3.8,3.8
6049,3.7,3.9
6050,3.8,4
6051,3.7,4.1
6052,3.8,4.2
6053,3.8,4.3
6054,3.8,4.3
6055,3.9,4.4
6056,3.8,4.5
6057,3.9,4.6
6058,3.8,4.6
6059,3.9,4.7
6060,3.9,4.7
6061,3.9,4.8
6062,3.9,4.8
6063,4,4.9
6064,3.9,4.9
6065,3.9,5
6066,4,5.1
6067,3.9,5.1
6068,4,4.6
6069,4,3.8
6070,4,3.3
6071,4,2.9
6072,4,2.6
6073,3.9,2.3
6074,3.9,2.1
6075,3.9,1.8
6076,3.9,1.7
6077,3.9,1.9
6078,3.9,2.3
6079,3.9,2.7
6080,3.8,2.9
6081,3.8,3.1
6082,3.8,3.3
6083,3.8,3.4
6084,3.8,3.5
6085,3.8,3.7
6086,3.8,3.8
6087,3.8,3.9
6088,3.7,3.9
6089,3.8,4
6090,3.8,4.2
6091,3.8,4.3
6092,3.8,4.3
6093,3.8,4.4
6094,3.8,4.4
6095,3.9,4.6
6096,3.8,4.6
6097,3.9,4.7
6098,3.9,4.7
6099,3.9,4.8
6100,3.9,4.8
6101,3.9,4.8
6102,3.9,4.9
6103,3.9,5
6104,4,5.1
6105,3.9,5
6106,4,5.2
6107,4,5.2
6108,4,5.2
6109,4,5.3
6110,4,5.3
6111,4.1,5.4
6112,4.1,5.4
6113,4.1,5.4
6114,4.1,5.5
6115,4.1,5.5
6116,4.2,5.6
6117,4.2,5.6
6118,4.2,5.6
6119,4.3,5.7
6120,4.2,5.2
6121,4.2,4.5
6122,4.3,3.9
6123,4.2,3.5
6124,4.3,3.2
6125,4.2,2.9
6126,4.2,2.6
6127,4.2,2.4
6128,4.2,2.2
6129,4.2,2
6130,4.1,1.8
6131,4.1,1.8
6132,4.1,2.1
6133,4.1,2.5
6134,4,2.8
6135,4.1,3
6136,4,3.2
6137,4,3.4
6138,4,3.5
6139,4,3.6
6140,4,3.8
6141,4,4
6142,4,4
6143,4,4.2
6144,4,4.2
6145,4,4.3
6146,4,4.3
6147,4,4.5
6148,4,4.5
6149,4.1,4.6
6150,4,4.6
6151,4.1,4.7
6152,4,4.8
6153,4.1,4.8
6154,4.1,4.9
6155,4.1,5
6156,4.1,5
6157,4.2,5.1
6158,4.1,5
6159,4.2,4.2
6160,4.1,3.6
6161,4.1,3.2
6162,4.1,2.8
6163,4.1,2.5
6164,4.1,2.2
6165,4,2
6166,4,1.8
6167,4,1.8
6168,4,2.2
6169,4,2.6
6170,4,2.9
6171,4,3.1
6172,3.9,3.3
6173,3.9,3.4
6174,3.9,3.5
6175,3.9,3.6
6176,3.9,3.8
6177,3.9,3.8
6178,3.9,4
6179,3.9,4.1
6180,3.9,4.2
6181,3.9,4.3
6182,3.9,4.3
6183,3.9,4.4
6184,4,4.5
6185,4,4.5
6186,3.9,4.6
6187,4,4.7
6188,4,4.8
6189,4,4.8
6190,4,4.9
6191,4,4.9
6192,4.1,5
6193,4.1,5
6194,4,5
6195,4.1,5
6196,4,4.2
6197,4.1,3.7
6198,4.1,3.1
6199,4.1,2.8
6200,4,2.5
6201,4,2.2
6202,4,2
6203,4,1.8
6204,3.9,1.8
6205,3.9,2.1
6206,3.9,2.5
6207,3.9,2.8
6208,3.9,3
6209,3.9,3.3
6210,3.9,3.4
6211,3.8,3.4
6212,3.8,3.6
6213,3.9,3.8
6214,3.8,3.8
6215,3.8,3.9
6216,3.8,4
6217,3.9,4.1
6218,3.8,4.2
6219,3.9,4.3
6220,3.8,4.3
6221,3.9,4.4
6222,3.9,4.5
6223,3.9,4.6
6224,3.9,4.6
6225,3.9,4.7
6226,3.9,4.7
6227,4,4.8
6228,3.9,4.8
6229,4,4.9
6230,4,4.9
6231,4,5
6232,4,5
6233,4.1,5
6234,4,4.3
6235,4,3.6
6236,4,3.1
6237,4,2.7
6238,4,2.4
6239,4,2.2
6240,3.9,2
6241,3.9,1.7
6242,3.9,1.7
6243,3.9,2.1
6244,3.9,2.5
6245,3.9,2.8
6246,3.8,3
6247,3.8,3.2
6248,3.8,3.4
6249,3.8,3.5
6250,3.8,3.6
6251,3.8,3.7
6252,3.8,3.8
6253,3.8,3.9
6254,3.8,4
6255,3.8,4.2
6256,3.8,4.2
6257,3.8,4.3
6258,3.8,4.3
6259,3.9,4.4
6260,3.8,4.5
6261,3.9,4.6
6262,3.9,4.6
6263,3.9,4.7
6264,3.9,4.7
6265,3.9,4.8
6266,3.9,4.8
6267,4,4.9
6268,3.9,5
6269,4,5.1
6270,4,5
6271,4,4.9
6272,4,4.1
6273,4,3.5
6274,4,3.1
6275,4,2.7
6276,3.9,2.4
6277,3.9,2.1
6278,3.9,1.9
6279,3.9,1.7
6280,3.9,1.9
6281,3.9,2.3
6282,3.9,2.6
6283,3.8,2.9
6284,3.8,3.1
6285,3.8,3.3
6286,3.8,3.4
6287,3.8,3.5
6288,3.8,3.7
6289,3.8,3.8
6290,3.8,3.8
6291,3.8,4
6292,3.8,4
6293,3.8,4.2
6294,3.8,4.2
6295,3.8,4.3
6296,3.8,4.3
6297,3.8,4.5
6298,3.9,4.6
6299,3.9,4.6
6300,3.8,4.6
6301,3.9,4.7
6302,3.9,4.8
6303,3.9,4.8
6304,3.9,4.8
6305,4,4.9
6306,3.9,5
6307,4,5.1
6308,4,5.1
6309,4,4.8
6310,4,4
6311,4,3.5
6312,4,3
6313,4,2.7
6314,3.9,2.3
6315,3.9,2.1
6316,3.9,1.8
6317,3.9,1.7
6318,3.9,2
6319,3.9,2.3
6320,3.9,2.7
6321,3.8,2.9
6322,3.8,3.2
6323,3.8,3.3
6324,3.8,3.4
6325,3.8,3.6
6326,3.8,3.7
6327,3.8,3.8
6328,3.7,3.9
6329,3.8,4
6330,3.8,4.1
6331,3.8,4.2
6332,3.8,4.3
6333,3.8,4.3
6334,3.9,4.4
6335,3.8,4.5
6336,3.9,4.6
6337,3.8,4.6
6338,3.9,4.7
6339,3.9,4.7
6340,3.9,4.8
6341,3.9,4.8
6342,3.9,4.9
6343,3.9,4.9
6344,4,5
6345,3.9,5
6346,4,5.1
6347,4,4.4
6348,4,3.7
6349,4,3.1
6350,4,2.8
6351,4,2.5
6352,3.9,2.3
6353,3.9,2
6354,3.9,1.7
6355,3.9,1.7
6356,3.9,2.1
6357,3.9,2.5
6358,3.9,2.8
6359,3.8,3
6360,3.8,3.2
6361,3.8,3.3
6362,3.8,3.4
6363,3.8,3.6
6364,3.7,3.7
6365,3.8,3.8
6366,3.7,3.9
6367,3.8,4
6368,3.8,4.1
6369,3.8,4.2
6370,3.8,4.3
6371,3.8,4.3
6372,3.8,4.4
6373,3.8,4.5
6374,3.9,4.6
6375,3.8,4.6
6376,3.9,4.7
6377,3.9,4.7
6378,3.9,4.8
6379,3.9,4.8
6380,3.9,4.8
6381,3.9,4.9
6382,4,5
6383,4,5
6384,3.9,5
6385,4,4.6
6386,4,3.8
6387,4,3.3
6388,4,3
6389,4,2.6
6390,3.9,2.3
6391,3.9,2
6392,3.9,1.8
6393,3.9,1.7
6394,3.9,1.9
6395,3.9,2.3
6396,3.9,2.6
6397,3.8,2.9
6398,3.8,3.1
6399,3.8,3.3
6400,3.8,3.4
6401,3.7,3.5
6402,3.8,3.6
6403,3.8,3.8
6404,3.8,3.8
6405,3.7,3.9
6406,3.7,4
6407,3.8,4.1
6408,3.8,4.2
6409,3.8,4.3
6410,3.8,4.3
6411,3.8,4.4
6412,3.8,4.5
6413,3.9,4.6
6414,3.8,4.6
6415,3.9,4.7
6416,3.8,4.7
6417,3.9,4.8
6418,3.9,4.8
6419,3.9,4.9
6420,3.9,4.9
6421,4,5.1
6422,3.9,5.1
6423,3.9,5
6424,4,4.3
6425,4,3.7
6426,4,3.1
6427,4,2.8
6428,3.9,2.5
6429,3.9,2.2
6430,3.9,1.9
6431,3.9,1.8
6432,3.9,1.7
6433,3.8,2.1
6434,3.9,2.5
6435,3.9,2.8
6436,3.8,3
6437,3.8,3.2
6438,3.8,3.3
6439,3.7,3.4
6440,3.8,3.6
6441,3.7,3.7
6442,3.8,3.8
6443,3.7,3.9
6444,3.8,4
6445,3.8,4.1
6446,3.8,4.2
6447,3.8,4.3
6448,3.8,4.3
6449,3.9,4.4
6450,3.8,4.5
6451,3.9,4.6
6452,3.8,4.6
6453,3.9,4.7
6454,3.9,4.7
6455,3.9,4.8
6456,3.9,4.8
6457,3.9,4.8
6458,3.9,4.9
6459,3.9,4.9
6460,4,5
6461,3.9,5.1
6462,4,5.2
6463,4,5.2
6464,4,5.2
6465,4,5.3
6466,4,5.3
6467,4.1,5.4
6468,4.1,5.4
6469,4.1,5.4
6470,4.1,5.5
6471,4.1,5.5
6472,4.2,5.6
6473,4.2,5.6
6474,4.2,5.6
6475,4.2,5.7
6476,4.2,5.7
6477,4.3,5.8
6478,4.3,5.8
6479,4.3,5.8
6480,4.3,5.3
6481,4.3,4.5
6482,4.3,4
6483,4.4,3.6
6484,4.4,3.2
6485,4.3,2.9
6486,4.3,2.7
6487,4.3,2.4
6488,4.2,2.2
6489,4.2,1.9
6490,4.2,1.8
6491,4.2,1.8
6492,4.2,2
6493,4.2,2.4
6494,4.2,2.8
6495,4.2,3
6496,4.1,3.2
6497,4.1,3.5
6498,4.1,3.5
6499,4,3.6
6500,4.1,3.8
6501,4.1,4
6502,4,4
6503,4.1,4.1
6504,4,4.2
6505,4,4.3
6506,4.1,4.4
6507,4.1,4.4
6508,4,4.5
6509,4.1,4.6
6510,4.2,4.7
6511,4.1,4.7
6512,4.2,4.8
6513,4.1,4.9
6514,4.2,5
6515,4.2,5
6516,4.1,5
6517,4.2,5.1
6518,4.2,4.9
6519,4.2,4.1
6520,4.2,3.5
6521,4.2,3.1
6522,4.1,2.7
6523,4.1,2.4
6524,4.1,2.1
6525,4.1,1.8
6526,4.1,1.6
6527,4,1.8
6528,4.1,2.2
6529,4,2.5
6530,4,2.8
6531,4,3.1
6532,4,3.3
6533,3.9,3.3
6534,4,3.5
6535,3.9,3.7
6536,3.9,3.8
6537,3.9,3.8
6538,3.9,4
6539,3.9,4
6540,3.9,4.1
6541,3.9,4.3
6542,3.9,4.3
6543,3.9,4.4
6544,3.9,4.4
6545,4,4.5
6546,3.9,4.6
6547,4,4.7
6548,4,4.7
6549,4,4.8
6550,4,4.8
6551,4.1,4.9
6552,4,4.9
6553,4.1,5
6554,4.1,5
6555,4.1,5.1
6556,4.1,4.6
6557,4.1,3.8
6558,4.1,3.3
6559,4.1,2.9
6560,4,2.5
6561,4,2.2
6562,4,1.9
6563,4,1.8
6564,4,1.7
6565,4,2
6566,4,2.4
6567,4,2.7
6568,3.9,3
6569,3.9,3.1
6570,3.9,3.3
6571,3.9,3.4
6572,3.8,3.5
6573,3.8,3.7
6574,3.9,3.8
6575,3.8,3.9
6576,3.9,4
6577,3.8,4.1
6578,3.8,4.2
6579,3.9,4.3
6580,3.8,4.3
6581,3.9,4.4
6582,3.9,4.5
6583,3.9,4.6
6584,3.9,4.6
6585,4,4.7
6586,3.9,4.7
6587,4,4.8
6588,3.9,4.8
6589,4,4.9
6590,4,4.9
6591,4,5
6592,4,5
6593,4,5
6594,4,4.2
6595,4,3.7
6596,4,3.1
6597,4,2.8
6598,4,2.4
6599,4,2.1
6600,3.9,1.8
6601,3.9,1.7
6602,3.9,1.8
6603,3.9,2.2
6604,3.9,2.6
6605,3.9,2.9
6606,3.8,3.1
6607,3.8,3.2
6608,3.8,3.4
6609,3.8,3.5
6610,3.8,3.7
6611,3.8,3.8
6612,3.8,3.9
6613,3.8,4
6614,3.8,4
6615,3.8,4.2
6616,3.9,4.3
6617,3.8,4.3
6618,3.8,4.3
6619,3.9,4.4
6620,3.9,4.6
6621,3.9,4.6
6622,3.9,4.6
6623,3.9,4.7
6624,3.9,4.8
6625,3.9,4.8
6626,3.9,4.8
6627,4,4.9
6628,3.9,5
6629,4,5
6630,4,5
6631,4,4.7
6632,4,3.9
6633,4,3.3
6634,4,2.9
6635,4,2.6
6636,4,2.2
6637,3.9,2
6638,3.9,1.8
6639,3.9,1.7
6640,3.9,2
6641,3.9,2.4
6642,3.9,2.7
6643,3.8,2.9
6644,3.8,3.1
6645,3.8,3.3
6646,3.8,3.4
6647,3.8,3.5
6648,3.8,3.7
6649,3.8,3.8
6650,3.8,3.9
6651,3.8,4
6652,3.8,4.1
6653,3.8,4.2
6654,3.8,4.3
6655,3.8,4.3
6656,3.9,4.4
6657,3.9,4.5
6658,3.9,4.6
6659,3.8,4.6
6660,3.9,4.7
6661,3.9,4.7
6662,3.9,4.8
6663,3.9,4.8
6664,4,4.9
6665,3.9,4.9
6666,3.9,5
6667,4,5
6668,4,5.1
6669,4,4.5
6670,4,3.8
6671,4,3.3
6672,4,2.9
6673,4,2.5
6674,3.9,2.2
6675,3.9,1.9
6676,3.9,1.7
6677,3.9,1.7
6678,3.9,2.1
6679,3.9,2.5
6680,3.9,2.8
6681,3.8,3
6682,3.8,3.2
6683,3.8,3.3
6684,3.8,3.4
6685,3.8,3.6
6686,3.8,3.7
6687,3.8,3.8
6688,3.7,3.9
6689,3.8,4
6690,3.7,4.1
6691,3.8,4.2
6692,3.8,4.3
6693,3.8,4.3
6694,3.8,4.3
6695,3.8,4.5
6696,3.9,4.6
6697,3.8,4.6
6698,3.9,4.7
6699,3.9,4.7
6700,3.9,4.8
6701,3.9,4.8
6702,3.9,4.8
6703,3.9,4.9
6704,3.9,5
6705,4,5.1
6706,3.9,5.1
6707,4,4.7
6708,4,3.9
6709,4,3.4
6710,4,3
6711,4,2.6
6712,3.9,2.2
6713,3.9,1.9
6714,3.9,1.8
6715,3.8,1.6
6716,3.9,2
6717,3.8,2.3
6718,3.9,2.7
6719,3.8,2.9
6720,3.8,3.1
6721,3.8,3.3
6722,3.8,3.4
6723,3.8,3.5
6724,3.8,3.7
6725,3.8,3.8
6726,3.7,3.9
6727,3.8,4
6728,3.7,4
6729,3.8,4.2
6730,3.7,4.2
6731,3.8,4.3
6732,3.8,4.3
6733,3.8,4.4
6734,3.9,4.6
6735,3.8,4.6
6736,3.8,4.6
6737,3.9,4.7
6738,3.9,4.8
6739,3.9,4.8
6740,3.9,4.8
6741,3.9,4.9
6742,3.9,4.9
6743,4,5
6744,4,5
6745,4,5
6746,4,4.1
6747,4,3.5
6748,4,3.1
6749,4,2.7
6750,3.9,2.4
6751,3.9,2
6752,3.9,1.8
6753,3.9,1.6
6754,3.9,1.8
6755,3.9,2.2
6756,3.9,2.6
6757,3.9,2.9
6758,3.8,3.1
6759,3.8,3.2
6760,3.8,3.4
6761,3.8,3.5
6762,3.8,3.6
6763,3.8,3.7
6764,3.8,3.8
6765,3.7,3.9
6766,3.8,4
6767,3.8,4.2
6768,3.7,4.2
6769,3.8,4.3
6770,3.8,4.3
6771,3.8,4.4
6772,3.8,4.5
6773,3.9,4.6
6774,3.8,4.6
6775,3.9,4.7
6776,3.8,4.7
6777,3.9,4.8
6778,3.9,4.8
6779,3.9,4.9
6780,3.9,4.9
6781,4,5
6782,3.9,5.1
6783,3.9,5.1
6784,4,4.5
6785,4,3.8
6786,4,3.2
6787,4,2.9
6788,4,2.5
6789,3.9,2.2
6790,3.9,1.9
6791,3.9,1.7
6792,3.8,1.7
6793,3.9,2.1
6794,3.8,2.5
6795,3.8,2.8
6796,3.8,3
6797,3.8,3.2
6798,3.8,3.3
6799,3.8,3.5
6800,3.8,3.6
6801,3.8,3.7
6802,3.8,3.8
6803,3.7,3.9
6804,3.8,4
6805,3.8,4.1
6806,3.8,4.2
6807,3.8,4.3
6808,3.8,4.3
6809,3.9,4.4
6810,3.8,4.5
6811,3.9,4.6
6812,3.8,4.6
6813,3.9,4.7
6814,3.9,4.7
6815,3.9,4.8
6816,3.9,4.8
6817,3.9,4.8
6818,3.9,4.9
6819,4,5
6820,4,5
6821,3.9,5.1
6822,4,5.2
6823,4,5.2
6824,4,5.2
6825,4,5.3
6826,4,5.3
6827,4.1,5.4
6828,4.1,5.4
6829,4.1,5.4
6830,4.1,5.5
6831,4.1,5.5
6832,4.2,5.6
6833,4.2,5.6
6834,4.2,5.6
6835,4.3,5.7
6836,4.2,5.7
6837,4.3,5.8
6838,4.3,5.8
6839,4.3,5.8
6840,4.3,5.3
6841,4.4,4.5
6842,4.3,3.9
6843,4.4,3.5
6844,4.4,3.2
6845,4.3,2.9
6846,4.3,2.7
6847,4.3,2.3
6848,4.2,2.1
6849,4.2,1.9
6850,4.2,1.6
6851,4.2,1.8
6852,4.2,2.2
6853,4.2,2.5
6854,4.1,2.8
6855,4.1,3
6856,4.2,3.4
6857,4.1,3.5
6858,4,3.6
6859,4.1,3.7
6860,4.1,3.9
6861,4,3.9
6862,4.1,4.1
6863,4,4.1
6864,4.1,4.3
6865,4.1,4.4
6866,4.1,4.4
6867,4,4.5
6868,4.1,4.6
6869,4.1,4.6
6870,4.1,4.7
6871,4.1,4.7
6872,4.1,4.8
6873,4.1,4.9
6874,4.2,5
6875,4.1,5
6876,4.2,5.1
6877,4.2,5.1
6878,4.2,4.4
6879,4.2,3.7
6880,4.2,3.3
6881,4.2,2.9
6882,4.1,2.5
6883,4.1,2.2
6884,4.1,2
6885,4,1.7
6886,4.1,1.7
6887,4.1,2.1
6888,4.1,2.5
6889,4.1,2.8
6890,4,3
6891,4,3.2
6892,3.9,3.3
6893,4,3.5
6894,3.9,3.6
6895,3.9,3.7
6896,3.9,3.8
6897,3.9,3.9
6898,4,4.1
6899,3.9,4.1
6900,4,4.3
6901,3.9,4.3
6902,3.9,4.4
6903,4,4.5
6904,4,4.5
6905,4,4.6
6906,4,4.7
6907,4,4.7
6908,4,4.8
6909,4,4.8
6910,4.1,4.9
6911,4,4.9
6912,4.1,5
6913,4.1,5
6914,4.1,5.1
6915,4.1,4.5
6916,4.1,3.8
6917,4.1,3.2
6918,4.1,2.9
6919,4,2.6
6920,4,2.3
6921,4,2
6922,4,1.8
6923,4,1.7
6924,4,2.1
6925,4,2.4
6926,3.9,2.7
6927,3.9,3
6928,4,3.3
6929,3.9,3.3
6930,3.8,3.5
6931,3.9,3.6
6932,3.9,3.8
6933,3.8,3.8
6934,3.9,4
6935,3.8,4
6936,3.9,4.1
6937,3.8,4.2
6938,3.9,4.3
6939,3.8,4.3
6940,3.9,4.4
6941,4,4.5
6942,3.9,4.6
6943,4,4.7
6944,3.9,4.7
6945,4,4.8
6946,4,4.8
6947,3.9,4.8
6948,4,4.9
6949,4,4.9
6950,4,5
6951,4,5
6952,4.1,4.9
6953,4,4.1
6954,4.1,3.5
6955,4.1,3.1
6956,4,2.7
6957,4,2.4
6958,4,2.1
6959,3.9,1.9
6960,3.9,1.7
6961,3.9,1.8
6962,3.9,2.2
6963,3.9,2.6
6964,3.9,2.9
6965,3.8,3.1
6966,3.9,3.6
6967,3.8,3.9
6968,3.8,4.1
6969,3.8,4.1
6970,3.8,4.2
6971,3.8,4.5
6972,3.8,5
6973,3.9,5.1
6974,3.9,5.1
6975,3.9,5.1
6976,4,5.2
6977,4,4.9
6978,4,4.1
6979,4,3.6
6980,4,3.1
6981,4,2.8
6982,3.9,2.5
6983,3.9,2.3
6984,3.9,2.1
6985,3.8,1.9
6986,3.8,1.9
6987,3.8,2.4
6988,3.9,3.3
6989,3.8,3.8
6990,3.8,4.1
6991,3.8,4.3
6992,3.8,4.3
6993,3.8,4.3
6994,3.8,4.3
6995,3.9,4.4
6996,3.9,4.4
6997,3.9,4.6
6998,3.9,4.6
6999,3.9,4.7
7000,3.9,4.7
7001,3.9,4.8
7002,3.9,4.8
7003,4,4.9
7004,3.9,4.9
7005,4,5.1
7006,4,5.1
7007,4.1,4.8
7008,4,4
7009,4,3.6
7010,4,3
7011,4,2.7
7012,3.9,2.4
7013,4,2.2
7014,3.9,2
7015,3.9,1.7
7016,3.9,1.8
7017,3.9,2.2
7018,3.9,2.6
7019,3.9,2.8
7020,3.8,3
7021,3.9,3.3
7022,3.8,3.4
7023,3.8,3.5
7024,3.8,3.6
7025,3.8,3.8
7026,3.8,3.9
7027,3.7,3.9
7028,3.7,4
7029,3.8,4.1
7030,3.8,4.3
7031,3.8,4.3
7032,3.8,4.3
7033,3.9,4.4
7034,3.9,4.6
7035,3.9,4.6
7036,3.9,4.7
7037,3.9,4.7
7038,3.9,4.8
7039,3.9,4.8
7040,3.9,4.8
7041,3.9,4.9
7042,4,5
7043,4,5
7044,4,5
7045,3.9,4.9
7046,4,4.2
7047,4,3.6
7048,4,3.1
7049,4,2.8
7050,3.9,2.5
7051,3.9,2.2
7052,3.9,2
7053,3.9,1.8
7054,3.9,1.7
7055,3.9,2
7056,3.9,2.5
7057,3.9,2.8
7058,3.9,3
7059,3.8,3.2
7060,3.8,3.3
7061,3.8,3.4
7062,3.7,3.5
7063,3.8,3.7
7064,3.8,3.8
7065,3.7,4.1
7066,3.8,4.4
7067,3.8,4.7
7068,3.8,4.6
7069,3.8,4.6
7070,3.9,4.7
7071,3.8,4.7
7072,3.9,4.8
7073,3.9,4.8
7074,3.9,4.8
7075,3.9,4.8
7076,3.9,4.9
7077,4,5
7078,4,5.1
7079,3.9,5
7080,3.9,4.5
7081,4,3.8
7082,4,3.4
7083,4,3
7084,4,2.7
7085,3.9,2.3
7086,3.9,2.1
7087,3.9,1.9
7088,3.9,1.8
7089,3.9,1.9
7090,3.8,2.3
7091,3.9,2.6
7092,3.8,2.9
7093,3.8,3.1
7094,3.8,3.3
7095,3.8,3.4
7096,3.7,3.5
7097,3.8,3.6
7098,3.7,3.7
7099,3.8,3.8
7100,3.7,3.9
7101,3.7,4
7102,3.8,4.2
7103,3.7,4.2
7104,3.8,4.3
7105,3.8,4.3
7106,3.8,4.4
7107,3.9,4.6
7108,3.8,4.6
7109,3.8,4.6
7110,3.9,4.7
7111,3.8,4.7
7112,3.9,4.8
7113,3.9,4.8
7114,3.9,4.9
7115,3.9,4.9
7116,4,5
7117,4,5
7118,3.9,5.1
7119,4,4.5
7120,4,3.8
7121,4,3.4
7122,4,3
7123,4,2.6
7124,3.9,2.4
7125,3.9,2.2
7126,3.9,1.9
7127,3.8,1.7
7128,3.8,1.9
7129,3.9,2.3
7130,3.9,2.6
7131,3.9,2.9
7132,3.8,3.1
7133,3.8,3.2
7134,3.8,3.4
7135,3.7,3.5
7136,3.8,3.7
7137,3.7,3.7
7138,3.8,3.9
7139,3.7,3.9
7140,3.7,4
7141,3.8,4.2
7142,3.8,4.2
7143,3.8,4.3
7144,3.8,4.3
7145,3.8,4.4
7146,3.9,4.6
7147,3.8,4.6
7148,3.8,4.6
7149,3.9,4.7
7150,3.8,4.7
7151,3.9,4.8
7152,3.9,4.8
7153,3.9,4.9
7154,3.9,4.9
7155,4,5
7156,4,5.1
7157,3.9,5
7158,4,4.3
7159,4,3.7
7160,4,3.3
7161,4,2.9
7162,4,2.6
7163,3.9,2.3
7164,3.9,2
7165,3.9,1.9
7166,3.9,1.8
7167,3.9,2
7168,3.9,2.4
7169,3.9,2.7
7170,3.8,2.9
7171,3.8,3.1
7172,3.8,3.3
7173,3.8,3.4
7174,3.7,3.5
7175,3.8,3.7
7176,3.8,3.8
7177,3.7,3.9
7178,3.8,4
7179,3.7,4
7180,3.8,4.2
7181,3.7,4.2
7182,3.8,4.3
7183,3.8,4.3
7184,3.8,4.4
7185,3.9,4.6
7186,3.8,4.6
7187,3.8,4.6
7188,3.9,4.7
7189,3.9,4.8
7190,3.9,4.8
7191,3.9,4.8
7192,3.9,4.9
7193,3.9,4.9
7194,4,5
7195,3.9,5
7196,3.9,5.1
7197,4,5.2
7198,4,5.2
7199,4,5.3
7200,4,4.8
7201,4,4.1
7202,4,3.6
7203,4,3.2
7204,4.1,2.8
7205,4,2.5
7206,3.9,2.2
7207,4,2.1
7208,3.9,1.8
7209,3.9,1.7
7210,3.9,2
7211,3.9,2.3
7212,3.9,2.7
7213,3.9,2.9
7214,3.8,3.1
7215,3.9,3.3
7216,3.8,3.4
7217,3.8,3.6
7218,3.8,3.7
7219,3.8,3.8
7220,3.8,3.9
7221,3.8,4
7222,3.8,4
7223,3.8,4.2
7224,3.8,4.3
7225,3.8,4.3
7226,3.9,4.4
7227,3.9,4.5
7228,3.9,4.6
7229,3.9,4.6
7230,3.9,4.7
7231,3.9,4.7
7232,3.9,4.8
7233,3.9,4.8
7234,3.9,4.8
7235,3.9,4.9
7236,4,5
7237,4,5
7238,4,5
7239,4,4.7
7240,4,3.9
7241,4,3.5
7242,4,3
7243,4,2.7
7244,4,2.4
7245,3.9,2.2
7246,3.9,1.9
7247,3.9,1.8
7248,3.9,1.9
7249,3.9,2.2
7250,3.9,2.6
7251,3.9,2.9
7252,3.8,3.1
7253,3.9,3.3
7254,3.8,3.4
7255,3.8,3.5
7256,3.8,3.6
7257,3.8,3.8
7258,3.8,3.8
7259,3.7,3.9
7260,3.8,4
7261,3.8,4.1
7262,3.8,4.2
7263,3.8,4.3
7264,3.8,4.3
7265,3.8,4.4
7266,3.9,4.6
7267,3.9,4.6
7268,3.8,4.6
7269,3.9,4.7
7270,3.9,4.8
7271,3.9,4.8
7272,3.9,4.8
7273,4,4.9
7274,3.9,4.9
7275,4,5
7276,4,5
7277,4,5.1
7278,4,4.4
7279,4,3.8
7280,4,3.3
7281,4,2.9
7282,3.9,2.6
7283,3.9,2.3
7284,3.9,2
7285,3.9,1.9
7286,3.9,1.7
7287,3.9,2
7288,3.9,2.3
7289,3.9,2.7
7290,3.9,2.9
7291,3.8,3.1
7292,3.9,3.3
7293,3.8,3.4
7294,3.8,3.5
7295,3.8,3.7
7296,3.8,3.8
7297,3.8,3.9
7298,3.8,4
7299,3.7,4
7300,3.8,4.2
7301,3.8,4.2
7302,3.8,4.3
7303,3.8,4.3
7304,3.8,4.4
7305,3.9,4.6
7306,3.8,4.6
7307,3.8,4.6
7308,3.9,4.7
7309,3.9,4.7
7310,3.9,4.8
7311,3.9,4.8
7312,3.9,4.9
7313,3.9,4.9
7314,4,5
7315,4,5.1
7316,3.9,5
7317,4,4.2
7318,4,3.7
7319,4,3.2
7320,4,2.9
7321,3.9,2.5
7322,3.9,2.3
7323,3.9,2.1
7324,3.9,1.9
7325,3.9,1.8
7326,3.9,2
7327,3.8,2.4
7328,3.9,2.7
7329,3.8,2.9
7330,3.8,3.2
7331,3.8,3.3
7332,3.8,3.4
7333,3.8,3.6
7334,3.8,3.7
7335,3.8,3.8
7336,3.7,3.9
7337,3.8,4
7338,3.7,4.1
7339,3.8,4.2
7340,3.8,4.3
7341,3.8,4.3
7342,3.9,4.4
7343,3.8,4.5
7344,3.9,4.6
7345,3.8,4.6
7346,3.9,4.7
7347,3.9,4.7
7348,3.9,4.8
7349,3.9,4.8
7350,3.9,4.8
7351,3.9,4.9
7352,4,5
7353,4,5
7354,3.9,5.1
7355,4,4.7
7356,4,3.9
7357,4,3.5
7358,4,3
7359,4,2.7
7360,3.9,2.4
7361,3.9,2.2
7362,3.9,1.9
7363,3.9,1.7
7364,3.9,1.8
7365,3.9,2.1
7366,3.8,2.4
7367,3.9,2.8
7368,3.8,3
7369,3.8,3.2
7370,3.8,3.4
7371,3.8,3.4
7372,3.8,3.6
7373,3.8,3.7
7374,3.8,3.8
7375,3.7,3.9
7376,3.7,3.9
7377,3.8,4.1
7378,3.8,4.2
7379,3.8,4.3
7380,3.8,4.3
7381,3.9,4.4
7382,3.8,4.5
7383,3.9,4.6
7384,3.8,4.6
7385,3.8,4.6
7386,3.9,4.7
7387,3.8,4.7
7388,3.9,4.8
7389,3.9,4.8
7390,3.9,4.9
7391,3.9,5
7392,4,5
7393,3.9,5
7394,3.9,5
7395,4,4.2
7396,4,3.6
7397,4,3.1
7398,4,2.8
7399,3.9,2.5
7400,3.9,2.3
7401,3.9,2
7402,3.9,1.9
7403,3.8,1.8
7404,3.9,2.2
7405,3.9,2.5
7406,3.8,2.8
7407,3.8,3
7408,3.9,3.3
7409,3.8,3.3
7410,3.7,3.4
7411,3.8,3.6
7412,3.8,3.7
7413,3.8,3.8
7414,3.7,3.9
7415,3.8,4
7416,3.8,4.1
7417,3.8,4.2
7418,3.8,4.3
7419,3.8,4.3
7420,3.8,4.4
7421,3.9,4.6
7422,3.9,4.6
7423,3.8,4.6
7424,3.9,4.7
7425,3.9,4.7
7426,3.9,4.8
7427,3.9,4.8
7428,3.9,4.9
7429,3.9,4.9
7430,4,5
7431,4,5
7432,3.9,5
7433,3.9,4.5
7434,4,3.9
7435,4,3.4
7436,4,3
7437,4,2.6
7438,3.9,2.3
7439,3.9,2.2
7440,3.9,1.9
7441,3.9,1.8
7442,3.8,1.9
7443,3.9,2.3
7444,3.9,2.6
7445,3.9,2.9
7446,3.8,3.1
7447,3.8,3.2
7448,3.8,3.4
7449,3.7,3.5
7450,3.8,3.6
7451,3.7,3.7
7452,3.7,3.9
7453,3.7,3.9
7454,3.7,4
7455,3.8,4.2
7456,3.8,4.2
7457,3.8,4.3
7458,3.8,4.3
7459,3.8,4.5
7460,3.9,4.6
7461,3.9,4.6
7462,3.8,4.6
7463,3.9,4.7
7464,3.8,4.7
7465,3.9,4.8
7466,3.9,4.8
7467,3.9,4.9
7468,3.9,4.9
7469,4,5
7470,4,5
7471,3.9,5
7472,4,4.3
7473,4,3.7
7474,4,3.1
7475,4,2.9
7476,3.9,2.5
7477,3.9,2.3
7478,3.9,2
7479,3.9,1.8
7480,3.8,1.7
7481,3.9,2.1
7482,3.8,2.4
7483,3.8,2.7
7484,3.8,3
7485,3.8,3.2
7486,3.8,3.3
7487,3.8,3.4
7488,3.8,3.6
7489,3.8,3.7
7490,3.8,3.8
7491,3.7,3.9
7492,3.8,4
7493,3.8,4.1
7494,3.8,4.2
7495,3.8,4.3
7496,3.8,4.3
7497,3.9,4.4
7498,3.8,4.5
7499,3.9,4.6
7500,3.8,4.6
7501,3.9,4.7
7502,3.8,4.7
7503,3.9,4.8
7504,3.9,4.8
7505,3.9,4.8
7506,3.9,4.9
7507,4,5
7508,4,5
7509,3.9,5.1
7510,4,4.5
7511,4,3.8
7512,4,3.3
7513,4,3
7514,4,2.6
7515,3.9,2.3
7516,3.9,2.1
7517,3.9,1.9
7518,3.9,1.7
7519,3.8,1.9
7520,3.9,2.3
7521,3.9,2.7
7522,3.8,2.9
7523,3.8,3.1
7524,3.8,3.3
7525,3.8,3.4
7526,3.7,3.5
7527,3.8,3.7
7528,3.8,3.8
7529,3.8,3.9
7530,3.7,3.9
7531,3.7,4
7532,3.8,4.2
7533,3.8,4.2
7534,3.8,4.3
7535,3.8,4.3
7536,3.8,4.5
7537,3.9,4.6
7538,3.8,4.6
7539,3.8,4.6
7540,3.9,4.7
7541,3.9,4.8
7542,3.9,4.8
7543,3.9,4.8
7544,3.9,4.9
7545,3.9,4.9
7546,4,5
7547,4,5.1
7548,3.9,5.1
7549,4,5.2
7550,4,5.2
7551,4,5.3
7552,4,5.3
7553,4.1,5.4
7554,4.1,5.4
7555,4.1,5.4
7556,4.1,5.5
7557,4.1,5.5
7558,4.1,5.5
7559,4.2,5.6
7560,4.2,5.1
7561,4.2,4.4
7562,4.2,3.8
7563,4.2,3.4
7564,4.2,3.1
7565,4.2,2.8
7566,4.1,2.5
7567,4.1,2.3
7568,4.1,2.1
7569,4.1,1.8
7570,4,1.7
7571,4,1.9
7572,4,2.3
7573,4,2.7
7574,4,2.9
7575,4,3.2
7576,4,3.4
7577,3.9,3.5
7578,4,3.6
7579,3.9,3.7
7580,3.9,3.9
7581,3.9,3.9
7582,4,4.1
7583,4,4.2
7584,3.9,4.2
7585,4,4.3
7586,3.9,4.4
7587,4,4.5
7588,4,4.5
7589,4,4.6
7590,4,4.6
7591,4,4.8
7592,4,4.8
7593,4,4.9
7594,4,4.9
7595,4.1,5
7596,4,5
7597,4.1,5.1
7598,4.1,4.7
7599,4.1,3.9
7600,4.1,3.4
7601,4.1,3
7602,4.1,2.7
7603,4,2.4
7604,4,2.1
7605,4,1.9
7606,4,1.7
7607,4,1.8
7608,4,2.3
7609,3.9,2.5
7610,3.9,2.8
7611,3.9,3.1
7612,3.9,3.3
7613,3.9,3.4
7614,3.9,3.5
7615,3.9,3.6
7616,3.9,3.8
7617,3.8,3.8
7618,3.9,4
7619,3.8,4
7620,3.9,4.1
7621,3.9,4.3
7622,3.9,4.3
7623,3.9,4.4
7624,3.9,4.4
7625,3.9,4.5
7626,3.9,4.6
7627,4,4.7
7628,3.9,4.7
7629,4,4.8
7630,3.9,4.8
7631,4,4.9
7632,4,4.9
7633,4,5
7634,4,5
7635,4,5
7636,4.1,4.7
7637,4,4
7638,4.1,3.5
7639,4,3
7640,4,2.6
7641,4,2.4
7642,4,2.1
7643,3.9,1.9
7644,4,1.7
7645,3.9,1.9
7646,3.9,2.3
7647,3.9,2.6
7648,3.9,2.9
7649,3.8,3.1
7650,3.9,3.3
7651,3.8,3.4
7652,3.8,3.5
7653,3.8,3.6
7654,3.8,3.8
7655,3.8,3.8
7656,3.8,4
7657,3.8,4
7658,3.8,4.2
7659,3.9,4.3
7660,3.8,4.3
7661,3.8,4.3
7662,3.9,4.4
7663,3.9,4.6
7664,3.9,4.6
7665,3.9,4.7
7666,3.9,4.7
7667,4,4.8
7668,3.9,4.8
7669,3.9,4.8
7670,4,4.9
7671,4,5
7672,4,5
7673,4,5.1
7674,4.1,4.8
7675,4,3.9
7676,4,3.4
7677,4,3
7678,4,2.6
7679,3.9,2.3
7680,4,2
7681,3.9,1.8
7682,3.9,1.6
7683,3.9,1.9
7684,3.9,2.3
7685,3.9,2.7
7686,3.9,2.9
7687,3.8,3.2
7688,3.9,3.3
7689,3.8,3.4
7690,3.8,3.6
7691,3.8,3.7
7692,3.8,3.8
7693,3.7,3.8
7694,3.8,4
7695,3.8,4
7696,3.8,4.2
7697,3.8,4.3
7698,3.8,4.3
7699,3.9,4.4
7700,3.9,4.4
7701,3.9,4.6
7702,3.8,4.6
7703,3.9,4.7
7704,3.9,4.7
7705,3.9,4.8
7706,3.9,4.8
7707,3.9,4.8
7708,3.9,4.9
7709,4,5
7710,4,5
7711,4,5.1
7712,4,4.7
7713,4,3.9
7714,4,3.4
7715,4,3
7716,4,2.6
7717,3.9,2.3
7718,3.9,2.1
7719,3.9,1.8
7720,3.9,1.7
7721,3.9,2
7722,3.9,2.3
7723,3.9,2.7
7724,3.9,2.9
7725,3.8,3.1
7726,3.8,3.3
7727,3.8,3.4
7728,3.7,3.5
7729,3.8,3.7
7730,3.8,3.8
7731,3.8,3.9
7732,3.8,4
7733,3.8,4.1
7734,3.8,4.2
7735,3.8,4.2
7736,3.8,4.3
7737,3.8,4.4
7738,3.8,4.5
7739,3.9,4.6
7740,3.9,4.6
7741,3.9,4.7
7742,3.9,4.7
7743,3.9,4.8
7744,3.9,4.8
7745,3.9,4.8
7746,3.9,4.9
7747,3.9,5
7748,4,5
7749,4,5.1
7750,4,4.7
7751,4,3.9
7752,4,3.3
7753,4,3
7754,4,2.6
7755,3.9,2.3
7756,3.9,2.1
7757,3.9,1.8
7758,3.9,1.7
7759,3.9,2
7760,3.9,2.4
7761,3.9,2.7
7762,3.8,3
7763,3.8,3.2
7764,3.8,3.3
7765,3.8,3.4
7766,3.8,3.6
7767,3.8,3.7
7768,3.8,3.8
7769,3.7,3.9
7770,3.8,4
7771,3.7,4.1
7772,3.8,4.2
7773,3.8,4.3
7774,3.8,4.3
7775,3.8,4.4
7776,3.8,4.5
7777,3.9,4.6
7778,3.8,4.6
7779,3.9,4.7
7780,3.9,4.7
7781,3.8,4.7
7782,3.9,4.8
7783,4,4.9
7784,3.9,4.9
7785,4,5.1
7786,4,5.1
7787,4,5.1
